index,label,label_name,prompt,entropy,top1_prob,margin,score_entropy,score_neg_top1_prob,score_neg_margin
0,0,known,请回答：Smalltalk的主要设计者是什么？,3.365671157836914,0.30256208777427673,0.08292557299137115,3.365671157836914,-0.30256208777427673,-0.08292557299137115
1,1,unknown,请回答：唐古拉山主峰的主要设计者是什么？,3.5401909351348877,0.2621907591819763,0.11279897391796112,3.5401909351348877,-0.2621907591819763,-0.11279897391796112
2,0,known,请回答：电流的国际单位是什么？,3.5304338932037354,0.27619093656539917,0.12126186490058899,3.5304338932037354,-0.27619093656539917,-0.12126186490058899
3,0,known,请回答：功率的国际单位是什么？,3.822922706604004,0.25087621808052063,0.13050449639558792,3.822922706604004,-0.25087621808052063,-0.13050449639558792
4,1,unknown,请回答：氧的主要流经大洲是什么？,4.348196029663086,0.1227404996752739,0.005620695650577545,4.348196029663086,-0.1227404996752739,-0.005620695650577545
5,1,unknown,请回答：放射性活度的出生国家是什么？,3.617436408996582,0.17976735532283783,0.04193493723869324,3.617436408996582,-0.17976735532283783,-0.04193493723869324
6,0,known,请回答：甲烷的化学式是什么？,3.808434247970581,0.3338072896003723,0.2882770635187626,3.808434247970581,-0.3338072896003723,-0.2882770635187626
7,0,known,请回答：联合国儿童基金会的总部所在地是什么？,2.949972152709961,0.34435269236564636,0.20737865567207336,2.949972152709961,-0.34435269236564636,-0.20737865567207336
8,0,known,请回答：体积的国际单位是什么？,2.6986708641052246,0.5369579195976257,0.4450952559709549,2.6986708641052246,-0.5369579195976257,-0.4450952559709549
9,0,known,请回答：氯的化学符号是什么？,3.5030019283294678,0.27730420231819153,0.1872767060995102,3.5030019283294678,-0.27730420231819153,-0.1872767060995102
10,0,known,请回答：《变形记》的作者是什么？,2.459057331085205,0.4632832705974579,0.2266613245010376,2.459057331085205,-0.4632832705974579,-0.2266613245010376
11,1,unknown,请回答：印度河的化学符号是什么？,3.284928560256958,0.26362818479537964,0.12029603123664856,3.284928560256958,-0.26362818479537964,-0.12029603123664856
12,1,unknown,请回答：干城章嘉峰的主要设计者是什么？,3.6005499362945557,0.18119245767593384,0.012302502989768982,3.6005499362945557,-0.18119245767593384,-0.012302502989768982
13,0,known,请回答：Python的主要设计者是什么？,3.8009557723999023,0.19535239040851593,0.04557052254676819,3.8009557723999023,-0.19535239040851593,-0.04557052254676819
14,1,unknown,请回答：世界自然基金会的化学式是什么？,3.8170459270477295,0.30735665559768677,0.22133738547563553,3.8170459270477295,-0.30735665559768677,-0.22133738547563553
15,0,known,请回答：联合国教科文组织的总部所在地是什么？,3.0538647174835205,0.36623743176460266,0.26453697681427,3.0538647174835205,-0.36623743176460266,-0.26453697681427
16,1,unknown,请回答：速度的出生国家是什么？,3.201543092727661,0.2964783310890198,0.08624371886253357,3.201543092727661,-0.2964783310890198,-0.08624371886253357
17,0,known,请回答：门捷列夫的出生国家是什么？,2.246363401412964,0.5877001285552979,0.5281299948692322,2.246363401412964,-0.5877001285552979,-0.5281299948692322
18,0,known,请回答：珠穆朗玛峰的所在山脉是什么？,2.3399479389190674,0.5761637091636658,0.5186683423817158,2.3399479389190674,-0.5761637091636658,-0.5186683423817158
19,0,known,请回答：铅的化学符号是什么？,4.170266628265381,0.11435755342245102,0.01500198245048523,4.170266628265381,-0.11435755342245102,-0.01500198245048523
20,1,unknown,请回答：维苏威火山的主要设计者是什么？,3.6668498516082764,0.2549116909503937,0.1589110642671585,3.6668498516082764,-0.2549116909503937,-0.1589110642671585
21,1,unknown,请回答：功率的出生国家是什么？,3.672762632369995,0.2104678750038147,0.051598384976387024,3.672762632369995,-0.2104678750038147,-0.051598384976387024
22,1,unknown,请回答：银的主要流经大洲是什么？,4.008570194244385,0.16849930584430695,0.011440679430961609,4.008570194244385,-0.16849930584430695,-0.011440679430961609
23,1,unknown,请回答：Python的所在山脉是什么？,4.757081031799316,0.12856130301952362,0.025259383022785187,4.757081031799316,-0.12856130301952362,-0.025259383022785187
24,0,known,请回答：勒拿河的主要流经大洲是什么？,4.321887969970703,0.14453080296516418,0.06471331417560577,4.321887969970703,-0.14453080296516418,-0.06471331417560577
25,1,unknown,请回答：丘吉尔的国际单位是什么？,3.3965392112731934,0.3092743158340454,0.13028007745742798,3.3965392112731934,-0.3092743158340454,-0.13028007745742798
26,1,unknown,请回答：黄山的主要设计者是什么？,3.21439266204834,0.2560843527317047,0.0933072417974472,3.21439266204834,-0.2560843527317047,-0.0933072417974472
27,1,unknown,请回答：硅的主要流经大洲是什么？,4.292274475097656,0.16452129185199738,0.038378432393074036,4.292274475097656,-0.16452129185199738,-0.038378432393074036
28,0,known,请回答：国际标准化组织的总部所在地是什么？,3.2182960510253906,0.23525352776050568,0.0036472678184509277,3.2182960510253906,-0.23525352776050568,-0.0036472678184509277
29,1,unknown,请回答：肯尼亚的作者是什么？,4.211999893188477,0.15188834071159363,0.027920693159103394,4.211999893188477,-0.15188834071159363,-0.027920693159103394
30,0,known,请回答：钾的化学符号是什么？,3.662107467651367,0.18969210982322693,0.05091039836406708,3.662107467651367,-0.18969210982322693,-0.05091039836406708
31,1,unknown,请回答：尼罗河的化学符号是什么？,4.098323345184326,0.1522030234336853,0.07385561615228653,4.098323345184326,-0.1522030234336853,-0.07385561615228653
32,0,known,请回答：钠的化学符号是什么？,3.970872640609741,0.15061341226100922,0.0023350417613983154,3.970872640609741,-0.15061341226100922,-0.0023350417613983154
33,1,unknown,请回答：多瑙河的化学符号是什么？,3.0650625228881836,0.300107479095459,0.0700070858001709,3.0650625228881836,-0.300107479095459,-0.0700070858001709
34,0,known,请回答：墨西哥的首都是什么？,3.0794894695281982,0.3351847529411316,0.2391527071595192,3.0794894695281982,-0.3351847529411316,-0.2391527071595192
35,1,unknown,请回答：莫扎特的国际单位是什么？,3.0139048099517822,0.3882218897342682,0.21594946086406708,3.0139048099517822,-0.3882218897342682,-0.21594946086406708
36,1,unknown,请回答：汞的主要流经大洲是什么？,3.983609199523926,0.1452113538980484,0.0022512823343276978,3.983609199523926,-0.1452113538980484,-0.0022512823343276978
37,1,unknown,请回答：C++的所在山脉是什么？,3.775071620941162,0.22014784812927246,0.019700944423675537,3.775071620941162,-0.22014784812927246,-0.019700944423675537
38,0,known,请回答：长度的国际单位是什么？,3.5583643913269043,0.35631993412971497,0.26336832344532013,3.5583643913269043,-0.35631993412971497,-0.26336832344532013
39,1,unknown,请回答：越南的作者是什么？,4.494312286376953,0.2235022932291031,0.17164558917284012,4.494312286376953,-0.2235022932291031,-0.17164558917284012
40,0,known,请回答：盐酸的化学式是什么？,4.314427852630615,0.11423599720001221,0.031954891979694366,4.314427852630615,-0.11423599720001221,-0.031954891979694366
41,1,unknown,请回答：频率的出生国家是什么？,4.305848121643066,0.17385102808475494,0.1078646257519722,4.305848121643066,-0.17385102808475494,-0.1078646257519722
42,0,known,请回答：《百年孤独》的作者是什么？,2.4647109508514404,0.5344566106796265,0.41887225210666656,2.4647109508514404,-0.5344566106796265,-0.41887225210666656
43,1,unknown,请回答：能量的出生国家是什么？,3.810626268386841,0.20955032110214233,0.057433098554611206,3.810626268386841,-0.20955032110214233,-0.057433098554611206
44,1,unknown,请回答：恒河的化学符号是什么？,3.499131441116333,0.36443406343460083,0.29323119670152664,3.499131441116333,-0.36443406343460083,-0.29323119670152664
45,1,unknown,请回答：碳酸钠的总部所在地是什么？,3.4148402214050293,0.25565075874328613,0.12302088737487793,3.4148402214050293,-0.25565075874328613,-0.12302088737487793
46,0,known,请回答：乙醇的化学式是什么？,3.790220260620117,0.3508743345737457,0.30338865891098976,3.790220260620117,-0.3508743345737457,-0.30338865891098976
47,1,unknown,请回答：氦的主要流经大洲是什么？,4.3377790451049805,0.12378449738025665,0.04811654984951019,4.3377790451049805,-0.12378449738025665,-0.04811654984951019
48,1,unknown,请回答：氯的主要流经大洲是什么？,4.2501959800720215,0.13695092499256134,0.018891848623752594,4.2501959800720215,-0.13695092499256134,-0.018891848623752594
49,1,unknown,请回答：铝的主要流经大洲是什么？,4.500430107116699,0.11442773044109344,0.040547631680965424,4.500430107116699,-0.11442773044109344,-0.040547631680965424
50,0,known,请回答：压强的国际单位是什么？,4.670297622680664,0.11815708875656128,0.04066777974367142,4.670297622680664,-0.11815708875656128,-0.04066777974367142
51,0,known,请回答：尼罗河的主要流经大洲是什么？,3.6354119777679443,0.2662352919578552,0.16597015410661697,3.6354119777679443,-0.2662352919578552,-0.16597015410661697
52,1,unknown,请回答：弗洛伊德的国际单位是什么？,4.08042049407959,0.16487760841846466,0.03135564923286438,4.08042049407959,-0.16487760841846466,-0.03135564923286438
53,1,unknown,请回答：额尔齐斯河的化学符号是什么？,3.356576681137085,0.27336034178733826,0.15393804758787155,3.356576681137085,-0.27336034178733826,-0.15393804758787155
54,0,known,请回答：世界银行的总部所在地是什么？,2.461331367492676,0.5927470326423645,0.5524100922048092,2.461331367492676,-0.5927470326423645,-0.5524100922048092
55,0,known,请回答：亚洲开发银行的总部所在地是什么？,2.6476633548736572,0.5137671828269958,0.4349784255027771,2.6476633548736572,-0.5137671828269958,-0.4349784255027771
56,0,known,请回答：康德的出生国家是什么？,2.874831199645996,0.3972357511520386,0.2236962914466858,2.874831199645996,-0.3972357511520386,-0.2236962914466858
57,1,unknown,请回答：罗讷河的化学符号是什么？,3.2867114543914795,0.30650612711906433,0.1726035177707672,3.2867114543914795,-0.30650612711906433,-0.1726035177707672
58,1,unknown,请回答：《一九八四》的首都是什么？,2.4595866203308105,0.41633254289627075,0.14329499006271362,2.4595866203308105,-0.41633254289627075,-0.14329499006271362
59,1,unknown,请回答：达芬奇的国际单位是什么？,3.3458268642425537,0.22755348682403564,0.01378677785396576,3.3458268642425537,-0.22755348682403564,-0.01378677785396576
60,1,unknown,请回答：钙的主要流经大洲是什么？,4.533094882965088,0.1286034733057022,0.05813458561897278,4.533094882965088,-0.1286034733057022,-0.05813458561897278
61,0,known,请回答：马纳斯卢峰的所在山脉是什么？,2.6563198566436768,0.3407987654209137,0.08753862977027893,2.6563198566436768,-0.3407987654209137,-0.08753862977027893
62,0,known,请回答：《浮士德》的作者是什么？,2.3932864665985107,0.48611682653427124,0.2670067995786667,2.3932864665985107,-0.48611682653427124,-0.2670067995786667
63,0,known,请回答：哥白尼的出生国家是什么？,3.7804782390594482,0.138265922665596,0.018138401210308075,3.7804782390594482,-0.138265922665596,-0.018138401210308075
64,0,known,请回答：Scala的主要设计者是什么？,4.143763542175293,0.16186630725860596,0.03381951153278351,4.143763542175293,-0.16186630725860596,-0.03381951153278351
65,0,known,请回答：世界卫生组织的总部所在地是什么？,2.0533275604248047,0.6710582971572876,0.6509517896920443,2.0533275604248047,-0.6710582971572876,-0.6509517896920443
66,1,unknown,请回答：《雷雨》的首都是什么？,2.546109437942505,0.36426085233688354,0.05752244591712952,2.546109437942505,-0.36426085233688354,-0.05752244591712952
67,0,known,请回答：居里夫人的出生国家是什么？,3.5591044425964355,0.17130084335803986,0.04791746288537979,3.5591044425964355,-0.17130084335803986,-0.04791746288537979
68,0,known,请回答：《神曲》的作者是什么？,2.451460599899292,0.5179636478424072,0.3612229824066162,2.451460599899292,-0.5179636478424072,-0.3612229824066162
69,0,known,请回答：Erlang的主要设计者是什么？,3.8566062450408936,0.1766141653060913,0.05235057324171066,3.8566062450408936,-0.1766141653060913,-0.05235057324171066
70,1,unknown,请回答：华山的主要设计者是什么？,2.78776478767395,0.4137181043624878,0.2399020791053772,2.78776478767395,-0.4137181043624878,-0.2399020791053772
71,0,known,请回答：阿空加瓜山的所在山脉是什么？,3.3084442615509033,0.32675784826278687,0.1724083572626114,3.3084442615509033,-0.32675784826278687,-0.1724083572626114
72,1,unknown,请回答：乞力马扎罗山的主要设计者是什么？,3.760650634765625,0.32089152932167053,0.27282117307186127,3.760650634765625,-0.32089152932167053,-0.27282117307186127
73,0,known,请回答：道拉吉里峰的所在山脉是什么？,2.1991801261901855,0.599887490272522,0.5390820242464542,2.1991801261901855,-0.599887490272522,-0.5390820242464542
74,1,unknown,请回答：氟的主要流经大洲是什么？,4.336668014526367,0.14934656023979187,0.055887870490550995,4.336668014526367,-0.14934656023979187,-0.055887870490550995
75,0,known,请回答：照度的国际单位是什么？,4.29107666015625,0.10651053488254547,0.01103510707616806,4.29107666015625,-0.10651053488254547,-0.01103510707616806
76,1,unknown,请回答：电荷量的出生国家是什么？,3.4475934505462646,0.374866783618927,0.3187107965350151,3.4475934505462646,-0.374866783618927,-0.3187107965350151
77,1,unknown,请回答：国际原子能机构的化学式是什么？,3.3449149131774902,0.22612504661083221,0.08012774586677551,3.3449149131774902,-0.22612504661083221,-0.08012774586677551
78,0,known,请回答：莱茵河的主要流经大洲是什么？,3.833545684814453,0.19224293529987335,0.09928032010793686,3.833545684814453,-0.19224293529987335,-0.09928032010793686
79,1,unknown,请回答：红十字国际委员会的化学式是什么？,3.447716236114502,0.3027556538581848,0.17049150168895721,3.447716236114502,-0.3027556538581848,-0.17049150168895721
80,1,unknown,请回答：二氧化硅的总部所在地是什么？,2.8996853828430176,0.4639165699481964,0.4165245108306408,2.8996853828430176,-0.4639165699481964,-0.4165245108306408
81,1,unknown,请回答：印度的作者是什么？,4.295816421508789,0.2268669307231903,0.14340724050998688,4.295816421508789,-0.2268669307231903,-0.14340724050998688
82,0,known,请回答：《活着》的作者是什么？,2.664863109588623,0.4924270510673523,0.3338034749031067,2.664863109588623,-0.4924270510673523,-0.3338034749031067
83,0,known,请回答：马卡鲁峰的所在山脉是什么？,2.2177374362945557,0.44816574454307556,0.1887872815132141,2.2177374362945557,-0.44816574454307556,-0.1887872815132141
84,0,known,请回答：南迦帕尔巴特峰的所在山脉是什么？,2.4125921726226807,0.4525064527988434,0.22849951684474945,2.4125921726226807,-0.4525064527988434,-0.22849951684474945
85,0,known,请回答：《战争与和平》的作者是什么？,2.6321845054626465,0.4838513433933258,0.33160077035427094,2.6321845054626465,-0.4838513433933258,-0.33160077035427094
86,0,known,请回答：埃及的首都是什么？,3.7867071628570557,0.10580162703990936,0.0,3.7867071628570557,-0.10580162703990936,-0.0
87,1,unknown,请回答：勒拿河的化学符号是什么？,4.228819847106934,0.08047675341367722,0.0006262809038162231,4.228819847106934,-0.08047675341367722,-0.0006262809038162231
88,0,known,请回答：Rust的主要设计者是什么？,3.939011812210083,0.2070585936307907,0.09448278695344925,3.939011812210083,-0.2070585936307907,-0.09448278695344925
89,1,unknown,请回答：Rust的所在山脉是什么？,4.023130416870117,0.28265827894210815,0.21006562560796738,4.023130416870117,-0.28265827894210815,-0.21006562560796738
90,0,known,请回答：塔里木河的主要流经大洲是什么？,3.781247138977051,0.1999799758195877,0.10402853786945343,3.781247138977051,-0.1999799758195877,-0.10402853786945343
91,0,known,请回答：氮的化学符号是什么？,3.810981512069702,0.1793825477361679,0.07556389272212982,3.810981512069702,-0.1793825477361679,-0.07556389272212982
92,0,known,请回答：力的国际单位是什么？,4.236748695373535,0.1663828194141388,0.036803752183914185,4.236748695373535,-0.1663828194141388,-0.036803752183914185
93,0,known,请回答：《西游记》的作者是什么？,2.8172547817230225,0.459326833486557,0.298087939620018,2.8172547817230225,-0.459326833486557,-0.298087939620018
94,1,unknown,请回答：密度的出生国家是什么？,3.762342691421509,0.13968971371650696,0.004297792911529541,3.762342691421509,-0.13968971371650696,-0.004297792911529541
95,0,known,请回答：磁感应强度的国际单位是什么？,3.4975621700286865,0.3303106129169464,0.2393004670739174,3.4975621700286865,-0.3303106129169464,-0.2393004670739174
96,0,known,请回答：国际法院的总部所在地是什么？,3.421279191970825,0.25471609830856323,0.1162293553352356,3.421279191970825,-0.25471609830856323,-0.1162293553352356
97,1,unknown,请回答：Visual Basic的所在山脉是什么？,4.409637451171875,0.1977994441986084,0.10436560213565826,4.409637451171875,-0.1977994441986084,-0.10436560213565826
98,1,unknown,请回答：氢氧化钙的总部所在地是什么？,3.49776029586792,0.26048994064331055,0.13452522456645966,3.49776029586792,-0.26048994064331055,-0.13452522456645966
99,0,known,请回答：Go的主要设计者是什么？,3.7923269271850586,0.3191192150115967,0.1960877925157547,3.7923269271850586,-0.3191192150115967,-0.1960877925157547
100,1,unknown,请回答：Prolog的所在山脉是什么？,3.480412483215332,0.3863332271575928,0.3090617209672928,3.480412483215332,-0.3863332271575928,-0.3090617209672928
101,0,known,请回答：光强的国际单位是什么？,2.692772150039673,0.5459132790565491,0.49393126741051674,2.692772150039673,-0.5459132790565491,-0.49393126741051674
102,1,unknown,请回答：《浮士德》的首都是什么？,2.6427547931671143,0.34648916125297546,0.02099272608757019,2.6427547931671143,-0.34648916125297546,-0.02099272608757019
103,1,unknown,请回答：泰戈尔的国际单位是什么？,3.674560070037842,0.2146512269973755,0.07606196403503418,3.674560070037842,-0.2146512269973755,-0.07606196403503418
104,0,known,请回答：华盛顿的出生国家是什么？,3.5775461196899414,0.1393883228302002,0.043588221073150635,3.5775461196899414,-0.1393883228302002,-0.043588221073150635
105,0,known,请回答：碳酸钙的化学式是什么？,4.006997585296631,0.18684296309947968,0.10196571797132492,4.006997585296631,-0.18684296309947968,-0.10196571797132492
106,1,unknown,请回答：氯化钾的总部所在地是什么？,2.7253315448760986,0.4520528018474579,0.3558052107691765,2.7253315448760986,-0.4520528018474579,-0.3558052107691765
107,0,known,请回答：《茶馆》的作者是什么？,2.4035332202911377,0.5433331727981567,0.38272419571876526,2.4035332202911377,-0.5433331727981567,-0.38272419571876526
108,0,known,请回答：硫化氢的化学式是什么？,4.115156650543213,0.1431596875190735,0.025399737060070038,4.115156650543213,-0.1431596875190735,-0.025399737060070038
109,0,known,请回答：勃朗峰的所在山脉是什么？,3.586970567703247,0.18475547432899475,0.057775020599365234,3.586970567703247,-0.18475547432899475,-0.057775020599365234
110,0,known,请回答：磷的化学符号是什么？,3.5682363510131836,0.28692182898521423,0.1923050433397293,3.5682363510131836,-0.28692182898521423,-0.1923050433397293
111,0,known,请回答：五台山的所在山脉是什么？,3.0184826850891113,0.32256484031677246,0.042315661907196045,3.0184826850891113,-0.32256484031677246,-0.042315661907196045
112,0,known,请回答：红十字国际委员会的总部所在地是什么？,2.7943577766418457,0.39499542117118835,0.24031299352645874,2.7943577766418457,-0.39499542117118835,-0.24031299352645874
113,1,unknown,请回答：物质的量的出生国家是什么？,3.725766181945801,0.2148682177066803,0.09244000911712646,3.725766181945801,-0.2148682177066803,-0.09244000911712646
114,0,known,请回答：硝酸的化学式是什么？,3.3820791244506836,0.2541140019893646,0.033335939049720764,3.3820791244506836,-0.2541140019893646,-0.033335939049720764
115,0,known,请回答：《雷雨》的作者是什么？,2.5987281799316406,0.44841259717941284,0.22643226385116577,2.5987281799316406,-0.44841259717941284,-0.22643226385116577
116,0,known,请回答：韩国的首都是什么？,3.0158872604370117,0.42871731519699097,0.3547971770167351,3.0158872604370117,-0.42871731519699097,-0.3547971770167351
117,0,known,请回答：欧盟委员会的总部所在地是什么？,3.399871349334717,0.2557413578033447,0.14046969264745712,3.399871349334717,-0.2557413578033447,-0.14046969264745712
118,0,known,请回答：银的化学符号是什么？,3.5805137157440186,0.24739767611026764,0.07468627393245697,3.5805137157440186,-0.24739767611026764,-0.07468627393245697
119,0,known,请回答：印度的首都是什么？,3.329930543899536,0.22219792008399963,0.06707876920700073,3.329930543899536,-0.22219792008399963,-0.06707876920700073
120,0,known,请回答：弗洛伊德的出生国家是什么？,3.632755756378174,0.18943879008293152,0.07363717257976532,3.632755756378174,-0.18943879008293152,-0.07363717257976532
121,0,known,请回答：伏尔加河的主要流经大洲是什么？,3.3089232444763184,0.31957316398620605,0.14170391857624054,3.3089232444763184,-0.31957316398620605,-0.14170391857624054
122,0,known,请回答：芬兰的首都是什么？,3.2117156982421875,0.20709727704524994,0.03540758788585663,3.2117156982421875,-0.20709727704524994,-0.03540758788585663
123,0,known,请回答：氧气的化学式是什么？,3.5275216102600098,0.23012958467006683,0.07683022320270538,3.5275216102600098,-0.23012958467006683,-0.07683022320270538
124,1,unknown,请回答：《活着》的首都是什么？,2.600588083267212,0.379312127828598,0.09299233555793762,2.600588083267212,-0.379312127828598,-0.09299233555793762
125,0,known,请回答：赞比西河的主要流经大洲是什么？,3.6889913082122803,0.21553583443164825,0.04503294825553894,3.6889913082122803,-0.21553583443164825,-0.04503294825553894
126,0,known,请回答：《老人与海》的作者是什么？,2.3855910301208496,0.5312604904174805,0.3937514126300812,2.3855910301208496,-0.5312604904174805,-0.3937514126300812
127,1,unknown,请回答：底格里斯河的化学符号是什么？,3.8779280185699463,0.17901897430419922,0.01084621250629425,3.8779280185699463,-0.17901897430419922,-0.01084621250629425
128,0,known,请回答：二氧化硅的化学式是什么？,3.812615394592285,0.2257762998342514,0.14895977824926376,3.812615394592285,-0.2257762998342514,-0.14895977824926376
129,1,unknown,请回答：甲烷的总部所在地是什么？,2.9345154762268066,0.48293259739875793,0.42874906212091446,2.9345154762268066,-0.48293259739875793,-0.42874906212091446
130,0,known,请回答：乞力马扎罗山的所在山脉是什么？,3.661116123199463,0.25949811935424805,0.08663508296012878,3.661116123199463,-0.25949811935424805,-0.08663508296012878
131,1,unknown,请回答：照度的出生国家是什么？,3.915114402770996,0.14127711951732635,0.023235663771629333,3.915114402770996,-0.14127711951732635,-0.023235663771629333
132,1,unknown,请回答：质量的出生国家是什么？,3.9705610275268555,0.17316818237304688,0.0013476163148880005,3.9705610275268555,-0.17316818237304688,-0.0013476163148880005
133,1,unknown,请回答：哥白尼的国际单位是什么？,4.251660346984863,0.16085173189640045,0.10903720185160637,4.251660346984863,-0.16085173189640045,-0.10903720185160637
134,0,known,请回答：热量的国际单位是什么？,3.9053335189819336,0.2123681902885437,0.12244583666324615,3.9053335189819336,-0.2123681902885437,-0.12244583666324615
135,0,known,请回答：时间的国际单位是什么？,3.861003875732422,0.255362868309021,0.1584380567073822,3.861003875732422,-0.255362868309021,-0.1584380567073822
136,0,known,请回答：电压的国际单位是什么？,3.5862252712249756,0.27550292015075684,0.10840193927288055,3.5862252712249756,-0.27550292015075684,-0.10840193927288055
137,1,unknown,请回答：安纳布尔纳峰的主要设计者是什么？,2.3356773853302,0.3793178200721741,0.0884847640991211,2.3356773853302,-0.3793178200721741,-0.0884847640991211
138,0,known,请回答：Kotlin的主要设计者是什么？,4.2659711837768555,0.11704782396554947,0.007947251200675964,4.2659711837768555,-0.11704782396554947,-0.007947251200675964
139,0,known,请回答：珠江的主要流经大洲是什么？,3.333355665206909,0.37377628684043884,0.30676189064979553,3.333355665206909,-0.37377628684043884,-0.30676189064979553
140,1,unknown,请回答：磁通量的出生国家是什么？,3.85438871383667,0.1786958873271942,0.006845742464065552,3.85438871383667,-0.1786958873271942,-0.006845742464065552
141,1,unknown,请回答：英国的作者是什么？,4.814058303833008,0.1944580227136612,0.1543293446302414,4.814058303833008,-0.1944580227136612,-0.1543293446302414
142,0,known,请回答：Ruby的主要设计者是什么？,3.778658390045166,0.2699865698814392,0.1583152636885643,3.778658390045166,-0.2699865698814392,-0.1583152636885643
143,1,unknown,请回答：钾的主要流经大洲是什么？,4.4781928062438965,0.08694113790988922,0.008396364748477936,4.4781928062438965,-0.08694113790988922,-0.008396364748477936
144,1,unknown,请回答：氯化银的总部所在地是什么？,3.3795852661132812,0.2994426488876343,0.1686258465051651,3.3795852661132812,-0.2994426488876343,-0.1686258465051651
145,1,unknown,请回答：铬的主要流经大洲是什么？,4.363786697387695,0.10707069933414459,0.011093147099018097,4.363786697387695,-0.10707069933414459,-0.011093147099018097
146,0,known,请回答：峨眉山的所在山脉是什么？,3.863025426864624,0.24861246347427368,0.17569466680288315,3.863025426864624,-0.24861246347427368,-0.17569466680288315
147,1,unknown,请回答：国际能源署的化学式是什么？,3.3977363109588623,0.24898679554462433,0.08312582969665527,3.3977363109588623,-0.24898679554462433,-0.08312582969665527
148,0,known,请回答：《骆驼祥子》的作者是什么？,2.42560076713562,0.4659278094768524,0.2717002034187317,2.42560076713562,-0.4659278094768524,-0.2717002034187317
149,0,known,请回答：氯气的化学式是什么？,3.507117986679077,0.31541907787323,0.2305251881480217,3.507117986679077,-0.31541907787323,-0.2305251881480217
150,1,unknown,请回答：国际劳工组织的化学式是什么？,3.524566173553467,0.24663671851158142,0.08739608526229858,3.524566173553467,-0.24663671851158142,-0.08739608526229858
151,1,unknown,请回答：欧盟委员会的化学式是什么？,3.991361618041992,0.15616539120674133,0.06291477382183075,3.991361618041992,-0.15616539120674133,-0.06291477382183075
152,1,unknown,请回答：臭氧的总部所在地是什么？,3.2751505374908447,0.30935031175613403,0.21573800593614578,3.2751505374908447,-0.30935031175613403,-0.21573800593614578
153,1,unknown,请回答：玉山的主要设计者是什么？,3.4568724632263184,0.21640130877494812,0.03130345046520233,3.4568724632263184,-0.21640130877494812,-0.03130345046520233
154,1,unknown,请回答：《子夜》的首都是什么？,2.517911434173584,0.36554911732673645,0.027471452951431274,2.517911434173584,-0.36554911732673645,-0.027471452951431274
155,1,unknown,请回答：波兰的作者是什么？,4.3009185791015625,0.16651582717895508,0.052071280777454376,4.3009185791015625,-0.16651582717895508,-0.052071280777454376
156,1,unknown,请回答：联合国教科文组织的化学式是什么？,3.693730354309082,0.22063903510570526,0.056674033403396606,3.693730354309082,-0.22063903510570526,-0.056674033403396606
157,0,known,请回答：《红楼梦》的作者是什么？,2.900289535522461,0.4149072766304016,0.2446296662092209,2.900289535522461,-0.4149072766304016,-0.2446296662092209
158,1,unknown,请回答：安徒生的国际单位是什么？,2.996051788330078,0.26118627190589905,0.004049330949783325,2.996051788330078,-0.26118627190589905,-0.004049330949783325
159,0,known,请回答：乙酸的化学式是什么？,4.116306304931641,0.2763853073120117,0.22721777856349945,4.116306304931641,-0.2763853073120117,-0.22721777856349945
160,0,known,请回答：幼发拉底河的主要流经大洲是什么？,4.1931233406066895,0.14040206372737885,0.005378708243370056,4.1931233406066895,-0.14040206372737885,-0.005378708243370056
161,0,known,请回答：国际货币基金组织的总部所在地是什么？,3.1521854400634766,0.3362843990325928,0.19389262795448303,3.1521854400634766,-0.3362843990325928,-0.19389262795448303
162,0,known,请回答：《悲惨世界》的作者是什么？,2.583325147628784,0.5291963219642639,0.39434511959552765,2.583325147628784,-0.5291963219642639,-0.39434511959552765
163,1,unknown,请回答：非洲联盟的化学式是什么？,3.8122496604919434,0.13573366403579712,0.010200545191764832,3.8122496604919434,-0.13573366403579712,-0.010200545191764832
164,1,unknown,请回答：《三国演义》的首都是什么？,2.9702939987182617,0.3150220215320587,0.053859591484069824,2.9702939987182617,-0.3150220215320587,-0.053859591484069824
165,1,unknown,请回答：亚里士多德的国际单位是什么？,3.609673023223877,0.372726708650589,0.3043157532811165,3.609673023223877,-0.372726708650589,-0.3043157532811165
166,1,unknown,请回答：温度的出生国家是什么？,3.6926660537719727,0.19652524590492249,0.02036115527153015,3.6926660537719727,-0.19652524590492249,-0.02036115527153015
167,0,known,请回答：JavaScript的主要设计者是什么？,3.442087173461914,0.29846227169036865,0.12572555243968964,3.442087173461914,-0.29846227169036865,-0.12572555243968964
168,0,known,请回答：金的化学符号是什么？,3.99568510055542,0.23264925181865692,0.07275190949440002,3.99568510055542,-0.23264925181865692,-0.07275190949440002
169,0,known,请回答：速度的国际单位是什么？,3.72452449798584,0.270584374666214,0.11880029737949371,3.72452449798584,-0.270584374666214,-0.11880029737949371
170,0,known,请回答：特斯拉的出生国家是什么？,3.0151875019073486,0.27222856879234314,0.11952218413352966,3.0151875019073486,-0.27222856879234314,-0.11952218413352966
171,1,unknown,请回答：Scala的所在山脉是什么？,4.5419921875,0.13351945579051971,0.034296222031116486,4.5419921875,-0.13351945579051971,-0.034296222031116486
172,0,known,请回答：《呼啸山庄》的作者是什么？,2.4001760482788086,0.513106644153595,0.3637841045856476,2.4001760482788086,-0.513106644153595,-0.3637841045856476
173,1,unknown,请回答：拉普拉塔河的化学符号是什么？,3.851414203643799,0.24571529030799866,0.19088879600167274,3.851414203643799,-0.24571529030799866,-0.19088879600167274
174,1,unknown,请回答：世界卫生组织的化学式是什么？,3.380357265472412,0.371238112449646,0.27514849603176117,3.380357265472412,-0.371238112449646,-0.27514849603176117
175,1,unknown,请回答：氧气的总部所在地是什么？,3.5781567096710205,0.2737463414669037,0.16140107810497284,3.5781567096710205,-0.2737463414669037,-0.16140107810497284
176,1,unknown,请回答：爱因斯坦的国际单位是什么？,3.5297369956970215,0.24300594627857208,0.07599055767059326,3.5297369956970215,-0.24300594627857208,-0.07599055767059326
177,1,unknown,请回答：电压的出生国家是什么？,3.122063159942627,0.4281280040740967,0.3501601070165634,3.122063159942627,-0.4281280040740967,-0.3501601070165634
178,1,unknown,请回答：莱茵河的化学符号是什么？,3.645362377166748,0.24364551901817322,0.11822755634784698,3.645362377166748,-0.24364551901817322,-0.11822755634784698
179,0,known,请回答：Pascal的主要设计者是什么？,4.1960530281066895,0.16096358001232147,0.052050165832042694,4.1960530281066895,-0.16096358001232147,-0.052050165832042694
180,0,known,请回答：氯化银的化学式是什么？,3.8088531494140625,0.21234840154647827,0.13422977924346924,3.8088531494140625,-0.21234840154647827,-0.13422977924346924
181,1,unknown,请回答：泰国的作者是什么？,4.4319233894348145,0.22006593644618988,0.16083599254488945,4.4319233894348145,-0.22006593644618988,-0.16083599254488945
182,0,known,请回答：西班牙的首都是什么？,3.574286937713623,0.2137378305196762,0.10626369714736938,3.574286937713623,-0.2137378305196762,-0.10626369714736938
183,1,unknown,请回答：国际电信联盟的化学式是什么？,3.5187809467315674,0.24367858469486237,0.047877341508865356,3.5187809467315674,-0.24367858469486237,-0.047877341508865356
184,1,unknown,请回答：氢氧化钠的总部所在地是什么？,3.605046510696411,0.22530770301818848,0.09892153739929199,3.605046510696411,-0.22530770301818848,-0.09892153739929199
185,1,unknown,请回答：硫的主要流经大洲是什么？,4.329737663269043,0.12787984311580658,0.02019421011209488,4.329737663269043,-0.12787984311580658,-0.02019421011209488
186,0,known,请回答：黄山的所在山脉是什么？,2.957287549972534,0.4210730493068695,0.3023039475083351,2.957287549972534,-0.4210730493068695,-0.3023039475083351
187,1,unknown,请回答：世界气象组织的化学式是什么？,3.2785484790802,0.4087224006652832,0.3360127806663513,3.2785484790802,-0.4087224006652832,-0.3360127806663513
188,1,unknown,请回答：《小王子》的首都是什么？,2.6720664501190186,0.36534827947616577,0.09805375337600708,2.6720664501190186,-0.36534827947616577,-0.09805375337600708
189,1,unknown,请回答：Swift的所在山脉是什么？,4.542629241943359,0.12591229379177094,0.0330703929066658,4.542629241943359,-0.12591229379177094,-0.0330703929066658
190,1,unknown,请回答：笛卡尔的国际单位是什么？,3.859464406967163,0.20962615311145782,0.05863809585571289,3.859464406967163,-0.20962615311145782,-0.05863809585571289
191,0,known,请回答：庐山的所在山脉是什么？,3.4272897243499756,0.38211575150489807,0.3114314377307892,3.4272897243499756,-0.38211575150489807,-0.3114314377307892
192,0,known,请回答：安徒生的出生国家是什么？,2.4561798572540283,0.3105449676513672,0.0,2.4561798572540283,-0.3105449676513672,-0.0
193,1,unknown,请回答：氮的主要流经大洲是什么？,4.575897216796875,0.1218278557062149,0.05295263230800629,4.575897216796875,-0.1218278557062149,-0.05295263230800629
194,1,unknown,请回答：电阻的出生国家是什么？,3.5298919677734375,0.2901979982852936,0.18260280787944794,3.5298919677734375,-0.2901979982852936,-0.18260280787944794
195,1,unknown,请回答：澳大利亚的作者是什么？,4.618241786956787,0.17494723200798035,0.10201837867498398,4.618241786956787,-0.17494723200798035,-0.10201837867498398
196,1,unknown,请回答：PHP的所在山脉是什么？,3.704195499420166,0.29551583528518677,0.17328517138957977,3.704195499420166,-0.29551583528518677,-0.17328517138957977
197,0,known,请回答：肖邦的出生国家是什么？,2.793424129486084,0.41340482234954834,0.334505133330822,2.793424129486084,-0.41340482234954834,-0.334505133330822
198,0,known,请回答：硫的化学符号是什么？,3.735713005065918,0.212253138422966,0.05203607678413391,3.735713005065918,-0.212253138422966,-0.05203607678413391
199,1,unknown,请回答：韩国的作者是什么？,4.711357116699219,0.21144931018352509,0.1608317866921425,4.711357116699219,-0.21144931018352509,-0.1608317866921425
200,1,unknown,请回答：墨西哥的作者是什么？,4.197625637054443,0.18244802951812744,0.02393442392349243,4.197625637054443,-0.18244802951812744,-0.02393442392349243
201,0,known,请回答：Objective-C的主要设计者是什么？,1.5958216190338135,0.745368242263794,0.665569856762886,1.5958216190338135,-0.745368242263794,-0.665569856762886
202,1,unknown,请回答：一氧化碳的总部所在地是什么？,2.7246925830841064,0.5240483283996582,0.4436829164624214,2.7246925830841064,-0.5240483283996582,-0.4436829164624214
203,0,known,请回答：面积的国际单位是什么？,3.345792293548584,0.41489169001579285,0.3527398742735386,3.345792293548584,-0.41489169001579285,-0.3527398742735386
204,1,unknown,请回答：Kotlin的所在山脉是什么？,4.582148551940918,0.16291052103042603,0.0648692399263382,4.582148551940918,-0.16291052103042603,-0.0648692399263382
205,0,known,请回答：二氧化硫的化学式是什么？,3.837055206298828,0.2370489537715912,0.15512701869010925,3.837055206298828,-0.2370489537715912,-0.15512701869010925
206,0,known,请回答：Prolog的主要设计者是什么？,2.2304294109344482,0.6480313539505005,0.5623614490032196,2.2304294109344482,-0.6480313539505005,-0.5623614490032196
207,0,known,请回答：美国的首都是什么？,4.014636516571045,0.13918723165988922,0.03246867656707764,4.014636516571045,-0.13918723165988922,-0.03246867656707764
208,1,unknown,请回答：《老人与海》的首都是什么？,2.6423451900482178,0.39098161458969116,0.15383929014205933,2.6423451900482178,-0.39098161458969116,-0.15383929014205933
209,1,unknown,请回答：世界银行的化学式是什么？,3.8531007766723633,0.2727604806423187,0.13560789823532104,3.8531007766723633,-0.2727604806423187,-0.13560789823532104
210,1,unknown,请回答：美国的作者是什么？,4.81308650970459,0.17301002144813538,0.09975297003984451,4.81308650970459,-0.17301002144813538,-0.09975297003984451
211,0,known,请回答：臭氧的化学式是什么？,3.3852531909942627,0.32697099447250366,0.25843415409326553,3.3852531909942627,-0.32697099447250366,-0.25843415409326553
212,1,unknown,请回答：长江的化学符号是什么？,4.440071105957031,0.09701916575431824,0.019062072038650513,4.440071105957031,-0.09701916575431824,-0.019062072038650513
213,1,unknown,请回答：《骆驼祥子》的首都是什么？,2.871119976043701,0.30868780612945557,0.044653117656707764,2.871119976043701,-0.30868780612945557,-0.044653117656707764
214,1,unknown,请回答：挪威的作者是什么？,4.407480239868164,0.14801648259162903,0.015335366129875183,4.407480239868164,-0.14801648259162903,-0.015335366129875183
215,0,known,请回答：Visual Basic的主要设计者是什么？,3.538489818572998,0.322073370218277,0.1699366718530655,3.538489818572998,-0.322073370218277,-0.1699366718530655
216,0,known,请回答：国际奥委会的总部所在地是什么？,3.2246956825256348,0.23082441091537476,0.03946425020694733,3.2246956825256348,-0.23082441091537476,-0.03946425020694733
217,1,unknown,请回答：磷的主要流经大洲是什么？,4.31406307220459,0.1510017216205597,0.018780186772346497,4.31406307220459,-0.1510017216205597,-0.018780186772346497
218,0,known,请回答：奥里诺科河的主要流经大洲是什么？,3.87564754486084,0.14187170565128326,0.0011040568351745605,3.87564754486084,-0.14187170565128326,-0.0011040568351745605
219,1,unknown,请回答：黄河的化学符号是什么？,3.27193546295166,0.3675428330898285,0.2463400587439537,3.27193546295166,-0.3675428330898285,-0.2463400587439537
220,1,unknown,请回答：易北河的化学符号是什么？,2.8346972465515137,0.4727989137172699,0.39681321382522583,2.8346972465515137,-0.4727989137172699,-0.39681321382522583
221,0,known,请回答：意大利的首都是什么？,3.3125410079956055,0.2485530525445938,0.13825830072164536,3.3125410079956055,-0.2485530525445938,-0.13825830072164536
222,0,known,请回答：莎士比亚的出生国家是什么？,3.4766368865966797,0.2210860252380371,0.07149171829223633,3.4766368865966797,-0.2210860252380371,-0.07149171829223633
223,0,known,请回答：《呐喊》的作者是什么？,2.3744924068450928,0.4745345413684845,0.23216600716114044,2.3744924068450928,-0.4745345413684845,-0.23216600716114044
224,1,unknown,请回答：硝酸的总部所在地是什么？,3.340481996536255,0.23260879516601562,0.12273217737674713,3.340481996536255,-0.23260879516601562,-0.12273217737674713
225,1,unknown,请回答：国际海事组织的化学式是什么？,3.713380813598633,0.19179874658584595,0.027744576334953308,3.713380813598633,-0.19179874658584595,-0.027744576334953308
226,0,known,请回答：氢氧化钙的化学式是什么？,4.153137683868408,0.13365836441516876,0.008097946643829346,4.153137683868408,-0.13365836441516876,-0.008097946643829346
227,0,known,请回答：日本的首都是什么？,3.4724926948547363,0.21331413090229034,0.07121627032756805,3.4724926948547363,-0.21331413090229034,-0.07121627032756805
228,0,known,请回答：达尔文的出生国家是什么？,2.9292173385620117,0.21812307834625244,0.0,2.9292173385620117,-0.21812307834625244,-0.0
229,0,known,请回答：Lisp的主要设计者是什么？,4.328413486480713,0.13504846394062042,0.02653396874666214,4.328413486480713,-0.13504846394062042,-0.02653396874666214
230,1,unknown,请回答：R语言的所在山脉是什么？,4.679053783416748,0.1135968565940857,0.02088180184364319,4.679053783416748,-0.1135968565940857,-0.02088180184364319
231,0,known,请回答：过氧化氢的化学式是什么？,3.1358542442321777,0.38075974583625793,0.2195359170436859,3.1358542442321777,-0.38075974583625793,-0.2195359170436859
232,1,unknown,请回答：《呐喊》的首都是什么？,2.404552698135376,0.36052513122558594,0.011092185974121094,2.404552698135376,-0.36052513122558594,-0.011092185974121094
233,0,known,请回答：联合国的总部所在地是什么？,3.292977809906006,0.34304189682006836,0.2700040638446808,3.292977809906006,-0.34304189682006836,-0.2700040638446808
234,1,unknown,请回答：盐酸的总部所在地是什么？,3.1289703845977783,0.3366747796535492,0.20064586400985718,3.1289703845977783,-0.3366747796535492,-0.20064586400985718
235,1,unknown,请回答：联合国儿童基金会的化学式是什么？,3.62373423576355,0.2180505245923996,0.07279755175113678,3.62373423576355,-0.2180505245923996,-0.07279755175113678
236,1,unknown,请回答：林肯的国际单位是什么？,3.629523992538452,0.18882715702056885,0.02857162058353424,3.629523992538452,-0.18882715702056885,-0.02857162058353424
237,0,known,请回答：丘吉尔的出生国家是什么？,2.8527021408081055,0.3437410295009613,0.15685227513313293,2.8527021408081055,-0.3437410295009613,-0.15685227513313293
238,0,known,请回答：《围城》的作者是什么？,2.1137170791625977,0.5634966492652893,0.3717765510082245,2.1137170791625977,-0.5634966492652893,-0.3717765510082245
239,0,known,请回答：德纳里峰的所在山脉是什么？,2.471104621887207,0.4444737434387207,0.24097882211208344,2.471104621887207,-0.4444737434387207,-0.24097882211208344
240,0,known,请回答：《三国演义》的作者是什么？,2.5865116119384766,0.5095573663711548,0.36126773059368134,2.5865116119384766,-0.5095573663711548,-0.36126773059368134
241,1,unknown,请回答：托尔斯泰的国际单位是什么？,3.4337053298950195,0.2618424594402313,0.06419339776039124,3.4337053298950195,-0.2618424594402313,-0.06419339776039124
242,1,unknown,请回答：希腊的作者是什么？,4.78146505355835,0.16650830209255219,0.09489397704601288,4.78146505355835,-0.16650830209255219,-0.09489397704601288
243,0,known,请回答：华山的所在山脉是什么？,1.9510655403137207,0.6484429240226746,0.5357604473829269,1.9510655403137207,-0.6484429240226746,-0.5357604473829269
244,1,unknown,请回答：阿尔卑斯山主峰的主要设计者是什么？,3.910630226135254,0.15727545320987701,0.006025135517120361,3.910630226135254,-0.15727545320987701,-0.006025135517120361
245,0,known,请回答：洛子峰的所在山脉是什么？,3.4595658779144287,0.3084186017513275,0.23573284596204758,3.4595658779144287,-0.3084186017513275,-0.23573284596204758
246,1,unknown,请回答：俄罗斯的作者是什么？,4.542483329772949,0.2509807348251343,0.19670234248042107,4.542483329772949,-0.2509807348251343,-0.19670234248042107
247,1,unknown,请回答：刚果河的化学符号是什么？,2.8877813816070557,0.2918142080307007,0.08162830770015717,2.8877813816070557,-0.2918142080307007,-0.08162830770015717
248,1,unknown,请回答：氨气的总部所在地是什么？,3.503635883331299,0.22266726195812225,0.07317553460597992,3.503635883331299,-0.22266726195812225,-0.07317553460597992
249,1,unknown,请回答：时间的出生国家是什么？,3.886457681655884,0.23161548376083374,0.11239004135131836,3.886457681655884,-0.23161548376083374,-0.11239004135131836
250,1,unknown,请回答：硫酸的总部所在地是什么？,3.634699583053589,0.1722801923751831,0.0756397619843483,3.634699583053589,-0.1722801923751831,-0.0756397619843483
251,0,known,请回答：泰国的首都是什么？,3.559558868408203,0.16330234706401825,0.04568006843328476,3.559558868408203,-0.16330234706401825,-0.04568006843328476
252,0,known,请回答：MATLAB的主要设计者是什么？,2.9827826023101807,0.45879897475242615,0.3633778765797615,2.9827826023101807,-0.45879897475242615,-0.3633778765797615
253,0,known,请回答：碳酸钠的化学式是什么？,3.686835289001465,0.2733999490737915,0.1774275302886963,3.686835289001465,-0.2733999490737915,-0.1774275302886963
254,0,known,请回答：乔戈里峰的所在山脉是什么？,3.119767665863037,0.3621261715888977,0.2631263881921768,3.119767665863037,-0.3621261715888977,-0.2631263881921768
255,1,unknown,请回答：加速度的出生国家是什么？,2.3868253231048584,0.5517987012863159,0.46978115290403366,2.3868253231048584,-0.5517987012863159,-0.46978115290403366
256,0,known,请回答：加拿大的首都是什么？,3.511148452758789,0.19856040179729462,0.06834131479263306,3.511148452758789,-0.19856040179729462,-0.06834131479263306
257,1,unknown,请回答：智利的作者是什么？,4.258901119232178,0.15359488129615784,0.003558024764060974,4.258901119232178,-0.15359488129615784,-0.003558024764060974
258,0,known,请回答：底格里斯河的主要流经大洲是什么？,4.273624420166016,0.1973039209842682,0.11820629984140396,4.273624420166016,-0.1973039209842682,-0.11820629984140396
259,1,unknown,请回答：Dart的所在山脉是什么？,4.516016960144043,0.12372186779975891,0.04321451485157013,4.516016960144043,-0.12372186779975891,-0.04321451485157013
260,1,unknown,请回答：氮气的总部所在地是什么？,3.9530704021453857,0.13332797586917877,0.0010375678539276123,3.9530704021453857,-0.13332797586917877,-0.0010375678539276123
261,1,unknown,请回答：锰的主要流经大洲是什么？,4.376962184906006,0.1441376954317093,0.08544404432177544,4.376962184906006,-0.1441376954317093,-0.08544404432177544
262,0,known,请回答：国际刑警组织的总部所在地是什么？,3.2860007286071777,0.24022816121578217,0.0248890221118927,3.2860007286071777,-0.24022816121578217,-0.0248890221118927
263,0,known,请回答：氧的化学符号是什么？,3.2567386627197266,0.3226330876350403,0.23304111510515213,3.2567386627197266,-0.3226330876350403,-0.23304111510515213
264,0,known,请回答：能量的国际单位是什么？,3.92864990234375,0.1360626518726349,0.002109438180923462,3.92864990234375,-0.1360626518726349,-0.002109438180923462
265,1,unknown,请回答：黑龙江的化学符号是什么？,3.8797483444213867,0.10819628089666367,0.005758106708526611,3.8797483444213867,-0.10819628089666367,-0.005758106708526611
266,1,unknown,请回答：德纳里峰的主要设计者是什么？,2.2362208366394043,0.5317028760910034,0.41119562834501266,2.2362208366394043,-0.5317028760910034,-0.41119562834501266
267,1,unknown,请回答：乙醇的总部所在地是什么？,2.5935511589050293,0.5772627592086792,0.544695820659399,2.5935511589050293,-0.5772627592086792,-0.544695820659399
268,1,unknown,请回答：碳酸氢钠的总部所在地是什么？,3.6076955795288086,0.19432322680950165,0.058663755655288696,3.6076955795288086,-0.19432322680950165,-0.058663755655288696
269,1,unknown,请回答：幼发拉底河的化学符号是什么？,4.1693878173828125,0.15766851603984833,0.04410414397716522,4.1693878173828125,-0.15766851603984833,-0.04410414397716522
270,1,unknown,请回答：Smalltalk的所在山脉是什么？,4.185089111328125,0.20078057050704956,0.06386011838912964,4.185089111328125,-0.20078057050704956,-0.06386011838912964
271,0,known,请回答：墨累河的主要流经大洲是什么？,3.9786837100982666,0.14240126311779022,0.024346470832824707,3.9786837100982666,-0.14240126311779022,-0.024346470832824707
272,0,known,请回答：越南的首都是什么？,3.7216403484344482,0.13961412012577057,0.030882537364959717,3.7216403484344482,-0.13961412012577057,-0.030882537364959717
273,0,known,请回答：动量的国际单位是什么？,3.5847678184509277,0.3189306855201721,0.23173989355564117,3.5847678184509277,-0.3189306855201721,-0.23173989355564117
274,1,unknown,请回答：伽利略的国际单位是什么？,3.5458505153656006,0.3676132559776306,0.30806905031204224,3.5458505153656006,-0.3676132559776306,-0.30806905031204224
275,0,known,请回答：镁的化学符号是什么？,3.664050579071045,0.25947046279907227,0.1809522733092308,3.664050579071045,-0.25947046279907227,-0.1809522733092308
276,0,known,请回答：水的化学式是什么？,3.8826422691345215,0.23168805241584778,0.07245133817195892,3.8826422691345215,-0.23168805241584778,-0.07245133817195892
277,0,known,请回答：角速度的国际单位是什么？,4.27818489074707,0.10765653103590012,0.01700063794851303,4.27818489074707,-0.10765653103590012,-0.01700063794851303
278,0,known,请回答：黑格尔的出生国家是什么？,1.915372610092163,0.6611459851264954,0.6097640320658684,1.915372610092163,-0.6611459851264954,-0.6097640320658684
279,1,unknown,请回答：五台山的主要设计者是什么？,2.7824900150299072,0.4706355035305023,0.3079882264137268,2.7824900150299072,-0.4706355035305023,-0.3079882264137268
280,1,unknown,请回答：瑞典的作者是什么？,4.497487545013428,0.20645205676555634,0.13890120387077332,4.497487545013428,-0.20645205676555634,-0.13890120387077332
281,0,known,请回答：PHP的主要设计者是什么？,2.0973637104034424,0.6526297330856323,0.594705555588007,2.0973637104034424,-0.6526297330856323,-0.594705555588007
282,0,known,请回答：黑龙江的主要流经大洲是什么？,3.7542078495025635,0.1292143315076828,0.0010055601596832275,3.7542078495025635,-0.1292143315076828,-0.0010055601596832275
283,0,known,请回答：电感的国际单位是什么？,3.5321006774902344,0.3189488351345062,0.21127644926309586,3.5321006774902344,-0.3189488351345062,-0.21127644926309586
284,1,unknown,请回答：富士山的主要设计者是什么？,3.1738691329956055,0.2608220875263214,0.09503348171710968,3.1738691329956055,-0.2608220875263214,-0.09503348171710968
285,1,unknown,请回答：湄公河的化学符号是什么？,3.4278993606567383,0.2462112158536911,0.1443738266825676,3.4278993606567383,-0.2462112158536911,-0.1443738266825676
286,0,known,请回答：长江的主要流经大洲是什么？,4.326149940490723,0.107254259288311,0.02372455596923828,4.326149940490723,-0.107254259288311,-0.02372455596923828
287,0,known,请回答：钙的化学符号是什么？,4.186836242675781,0.10353614389896393,0.030118025839328766,4.186836242675781,-0.10353614389896393,-0.030118025839328766
288,0,known,请回答：锰的化学符号是什么？,3.8858065605163574,0.09994149953126907,0.007510729134082794,3.8858065605163574,-0.09994149953126907,-0.007510729134082794
289,0,known,请回答：碳酸氢钠的化学式是什么？,3.9325201511383057,0.19129693508148193,0.06778634339570999,3.9325201511383057,-0.19129693508148193,-0.06778634339570999
290,1,unknown,请回答：铅的主要流经大洲是什么？,4.369375228881836,0.16049736738204956,0.07916126400232315,4.369375228881836,-0.16049736738204956,-0.07916126400232315
291,1,unknown,请回答：鄂毕河的化学符号是什么？,3.603064775466919,0.1871740072965622,0.05548064410686493,3.603064775466919,-0.1871740072965622,-0.05548064410686493
292,1,unknown,请回答：力的出生国家是什么？,3.0449578762054443,0.3913102149963379,0.2203594297170639,3.0449578762054443,-0.3913102149963379,-0.2203594297170639
293,1,unknown,请回答：《呼啸山庄》的首都是什么？,2.775473117828369,0.33723342418670654,0.06836748123168945,2.775473117828369,-0.33723342418670654,-0.06836748123168945
294,1,unknown,请回答：氢气的总部所在地是什么？,3.8351974487304688,0.1902470588684082,0.04323551058769226,3.8351974487304688,-0.1902470588684082,-0.04323551058769226
295,1,unknown,请回答：锂的主要流经大洲是什么？,4.475209712982178,0.16077172756195068,0.0916246697306633,4.475209712982178,-0.16077172756195068,-0.0916246697306633
296,1,unknown,请回答：《朝花夕拾》的首都是什么？,2.6508121490478516,0.35583174228668213,0.03686624765396118,2.6508121490478516,-0.35583174228668213,-0.03686624765396118
297,1,unknown,请回答：密西西比河的化学符号是什么？,3.946803092956543,0.15920163691043854,0.0663401409983635,3.946803092956543,-0.15920163691043854,-0.0663401409983635
298,1,unknown,请回答：乔戈里峰的主要设计者是什么？,2.5179593563079834,0.5028603672981262,0.4038412943482399,2.5179593563079834,-0.5028603672981262,-0.4038412943482399
299,0,known,请回答：质量的国际单位是什么？,4.483271598815918,0.12269744277000427,0.012712173163890839,4.483271598815918,-0.12269744277000427,-0.012712173163890839
300,1,unknown,请回答：Haskell的所在山脉是什么？,4.168432712554932,0.24439957737922668,0.143311507999897,4.168432712554932,-0.24439957737922668,-0.143311507999897
301,1,unknown,请回答：电容的出生国家是什么？,2.6111600399017334,0.5415265560150146,0.4970753453671932,2.6111600399017334,-0.5415265560150146,-0.4970753453671932
302,0,known,请回答：雨果的出生国家是什么？,3.177924156188965,0.2868054211139679,0.10450080037117004,3.177924156188965,-0.2868054211139679,-0.10450080037117004
303,1,unknown,请回答：国际法院的化学式是什么？,3.570380687713623,0.33906444907188416,0.22984296083450317,3.570380687713623,-0.33906444907188416,-0.22984296083450317
304,0,known,请回答：电容的国际单位是什么？,3.360750913619995,0.37106218934059143,0.2926733046770096,3.360750913619995,-0.37106218934059143,-0.2926733046770096
305,0,known,请回答：北约的总部所在地是什么？,3.7313926219940186,0.1118602529168129,0.016181103885173798,3.7313926219940186,-0.1118602529168129,-0.016181103885173798
306,0,known,请回答：C++的主要设计者是什么？,2.6669580936431885,0.5188713669776917,0.4021874666213989,2.6669580936431885,-0.5188713669776917,-0.4021874666213989
307,1,unknown,请回答：道拉吉里峰的主要设计者是什么？,2.0371170043945312,0.6248594522476196,0.5629899874329567,2.0371170043945312,-0.6248594522476196,-0.5629899874329567
308,1,unknown,请回答：石油输出国组织的化学式是什么？,3.56919002532959,0.28154465556144714,0.17797015607357025,3.56919002532959,-0.28154465556144714,-0.17797015607357025
309,1,unknown,请回答：镍的主要流经大洲是什么？,4.344644069671631,0.13184534013271332,0.016397692263126373,4.344644069671631,-0.13184534013271332,-0.016397692263126373
310,0,known,请回答：黄河的主要流经大洲是什么？,3.657172441482544,0.28865739703178406,0.19494406133890152,3.657172441482544,-0.28865739703178406,-0.19494406133890152
311,0,known,请回答：爱因斯坦的出生国家是什么？,2.920431137084961,0.3269380033016205,0.11585095524787903,2.920431137084961,-0.3269380033016205,-0.11585095524787903
312,1,unknown,请回答：氖的主要流经大洲是什么？,4.223104000091553,0.13223889470100403,0.018241845071315765,4.223104000091553,-0.13223889470100403,-0.018241845071315765
313,1,unknown,请回答：《傲慢与偏见》的首都是什么？,3.0301921367645264,0.310650110244751,0.05511629581451416,3.0301921367645264,-0.310650110244751,-0.05511629581451416
314,0,known,请回答：BASIC的主要设计者是什么？,3.738553762435913,0.2638894021511078,0.09875161945819855,3.738553762435913,-0.2638894021511078,-0.09875161945819855
315,1,unknown,请回答：瑞士的作者是什么？,4.251737594604492,0.21074578166007996,0.13960113376379013,4.251737594604492,-0.21074578166007996,-0.13960113376379013
316,1,unknown,请回答：巴西的作者是什么？,4.562464714050293,0.2063734382390976,0.1627759374678135,4.562464714050293,-0.2063734382390976,-0.1627759374678135
317,0,known,请回答：镍的化学符号是什么？,3.5605950355529785,0.22311162948608398,0.06241033971309662,3.5605950355529785,-0.22311162948608398,-0.06241033971309662
318,0,known,请回答：唐古拉山主峰的所在山脉是什么？,3.9677517414093018,0.18058641254901886,0.08316735178232193,3.9677517414093018,-0.18058641254901886,-0.08316735178232193
319,0,known,请回答：硅的化学符号是什么？,3.5614142417907715,0.295387864112854,0.1815056949853897,3.5614142417907715,-0.295387864112854,-0.1815056949853897
320,0,known,请回答：托尔斯泰的出生国家是什么？,3.069438934326172,0.25405216217041016,0.062283530831336975,3.069438934326172,-0.25405216217041016,-0.062283530831336975
321,0,known,请回答：国际电信联盟的总部所在地是什么？,3.0050768852233887,0.3250184655189514,0.12162710726261139,3.0050768852233887,-0.3250184655189514,-0.12162710726261139
322,0,known,请回答：挪威的首都是什么？,2.515928268432617,0.5325257182121277,0.4699106365442276,2.515928268432617,-0.5325257182121277,-0.4699106365442276
323,1,unknown,请回答：硼的主要流经大洲是什么？,4.266303062438965,0.15259140729904175,0.04353924095630646,4.266303062438965,-0.15259140729904175,-0.04353924095630646
324,0,known,请回答：国际能源署的总部所在地是什么？,2.916287660598755,0.2754492461681366,0.047093793749809265,2.916287660598755,-0.2754492461681366,-0.047093793749809265
325,0,known,请回答：拿破仑的出生国家是什么？,3.374518871307373,0.22154466807842255,0.05034822225570679,3.374518871307373,-0.22154466807842255,-0.05034822225570679
326,1,unknown,请回答：《变形记》的首都是什么？,2.5136828422546387,0.33963385224342346,0.0,2.5136828422546387,-0.33963385224342346,-0.0
327,0,known,请回答：厄尔布鲁士山的所在山脉是什么？,3.750666856765747,0.1874389499425888,0.061598390340805054,3.750666856765747,-0.1874389499425888,-0.061598390340805054
328,1,unknown,请回答：卓奥友峰的主要设计者是什么？,2.7672226428985596,0.27756407856941223,0.12186475098133087,2.7672226428985596,-0.27756407856941223,-0.12186475098133087
329,1,unknown,请回答：世界知识产权组织的化学式是什么？,3.392829418182373,0.3695357143878937,0.28038106858730316,3.392829418182373,-0.3695357143878937,-0.28038106858730316
330,1,unknown,请回答：动量的出生国家是什么？,3.212498664855957,0.38005006313323975,0.26414135098457336,3.212498664855957,-0.38005006313323975,-0.26414135098457336
331,0,known,请回答：氖的化学符号是什么？,3.3998546600341797,0.22292502224445343,0.11083128303289413,3.3998546600341797,-0.22292502224445343,-0.11083128303289413
332,0,known,请回答：《童年》的作者是什么？,2.9011850357055664,0.36047250032424927,0.07973623275756836,2.9011850357055664,-0.36047250032424927,-0.07973623275756836
333,1,unknown,请回答：南迦帕尔巴特峰的主要设计者是什么？,2.3045456409454346,0.3948763608932495,0.10597866773605347,2.3045456409454346,-0.3948763608932495,-0.10597866773605347
334,1,unknown,请回答：南非的作者是什么？,4.347894191741943,0.24880202114582062,0.20313643291592598,4.347894191741943,-0.24880202114582062,-0.20313643291592598
335,1,unknown,请回答：MATLAB的所在山脉是什么？,3.629706382751465,0.3896610140800476,0.3147096335887909,3.629706382751465,-0.3896610140800476,-0.3147096335887909
336,0,known,请回答：国际原子能机构的总部所在地是什么？,2.6789205074310303,0.35690540075302124,0.1264699548482895,2.6789205074310303,-0.35690540075302124,-0.1264699548482895
337,1,unknown,请回答：葡萄牙的作者是什么？,4.819559097290039,0.18052248656749725,0.13730834051966667,4.819559097290039,-0.18052248656749725,-0.13730834051966667
338,0,known,请回答：英国的首都是什么？,3.4987027645111084,0.2566000819206238,0.14094135165214539,3.4987027645111084,-0.2566000819206238,-0.14094135165214539
339,0,known,请回答：锂的化学符号是什么？,3.868687152862549,0.13600827753543854,0.009234622120857239,3.868687152862549,-0.13600827753543854,-0.009234622120857239
340,0,known,请回答：氟的化学符号是什么？,3.9533627033233643,0.19327841699123383,0.08570277690887451,3.9533627033233643,-0.19327841699123383,-0.08570277690887451
341,1,unknown,请回答：庐山的主要设计者是什么？,3.6543221473693848,0.16660255193710327,0.02630913257598877,3.6543221473693848,-0.16660255193710327,-0.02630913257598877
342,0,known,请回答：密度的国际单位是什么？,3.8145036697387695,0.1693263053894043,0.06500739604234695,3.8145036697387695,-0.1693263053894043,-0.06500739604234695
343,0,known,请回答：国际劳工组织的总部所在地是什么？,3.0987181663513184,0.2941833734512329,0.0982149988412857,3.0987181663513184,-0.2941833734512329,-0.0982149988412857
344,1,unknown,请回答：肖邦的国际单位是什么？,3.597569704055786,0.2507523000240326,0.12758691608905792,3.597569704055786,-0.2507523000240326,-0.12758691608905792
345,1,unknown,请回答：联合国的化学式是什么？,3.618039846420288,0.304004430770874,0.1877123787999153,3.618039846420288,-0.304004430770874,-0.1877123787999153
346,1,unknown,请回答：厄尔布鲁士山的主要设计者是什么？,3.256793260574341,0.34459707140922546,0.262748084962368,3.256793260574341,-0.34459707140922546,-0.262748084962368
347,0,known,请回答：泰戈尔的出生国家是什么？,2.809000253677368,0.3598610758781433,0.21671822667121887,2.809000253677368,-0.3598610758781433,-0.21671822667121887
348,1,unknown,请回答：土耳其的作者是什么？,4.4576616287231445,0.217229425907135,0.158304363489151,4.4576616287231445,-0.217229425907135,-0.158304363489151
349,0,known,请回答：土耳其的首都是什么？,3.0788302421569824,0.37451067566871643,0.29477275162935257,3.0788302421569824,-0.37451067566871643,-0.29477275162935257
350,1,unknown,请回答：《战争与和平》的首都是什么？,2.949540853500366,0.2911176383495331,0.008956760168075562,2.949540853500366,-0.2911176383495331,-0.008956760168075562
351,0,known,请回答：国际海事组织的总部所在地是什么？,3.1890344619750977,0.28969067335128784,0.10265231132507324,3.1890344619750977,-0.28969067335128784,-0.10265231132507324
352,0,known,请回答：铬的化学符号是什么？,3.5052027702331543,0.23857766389846802,0.07202361524105072,3.5052027702331543,-0.23857766389846802,-0.07202361524105072
353,0,known,请回答：一氧化碳的化学式是什么？,3.267479419708252,0.35769346356391907,0.20142875611782074,3.267479419708252,-0.35769346356391907,-0.20142875611782074
354,0,known,请回答：亚马孙河的主要流经大洲是什么？,2.3695714473724365,0.5964436531066895,0.5091646686196327,2.3695714473724365,-0.5964436531066895,-0.5091646686196327
355,1,unknown,请回答：塔里木河的化学符号是什么？,3.814054012298584,0.2471078336238861,0.166254460811615,3.814054012298584,-0.2471078336238861,-0.166254460811615
356,0,known,请回答：罗讷河的主要流经大洲是什么？,3.6214029788970947,0.24646778404712677,0.13537604361772537,3.6214029788970947,-0.24646778404712677,-0.13537604361772537
357,0,known,请回答：TypeScript的主要设计者是什么？,3.5577149391174316,0.33248311281204224,0.21485517919063568,3.5577149391174316,-0.33248311281204224,-0.21485517919063568
358,1,unknown,请回答：巴赫的国际单位是什么？,3.911060094833374,0.1801576018333435,0.05140475928783417,3.911060094833374,-0.1801576018333435,-0.05140475928783417
359,1,unknown,请回答：《平凡的世界》的首都是什么？,2.391279458999634,0.3812882900238037,0.06021133065223694,2.391279458999634,-0.3812882900238037,-0.06021133065223694
360,1,unknown,请回答：黑格尔的国际单位是什么？,2.590947389602661,0.5363350510597229,0.43789511919021606,2.590947389602661,-0.5363350510597229,-0.43789511919021606
361,0,known,请回答：锌的化学符号是什么？,3.5682313442230225,0.20853564143180847,0.06066173315048218,3.5682313442230225,-0.20853564143180847,-0.06066173315048218
362,0,known,请回答：Fortran的主要设计者是什么？,3.867379903793335,0.19193331897258759,0.01303178071975708,3.867379903793335,-0.19193331897258759,-0.01303178071975708
363,1,unknown,请回答：水的总部所在地是什么？,3.6247167587280273,0.2731626033782959,0.15003856271505356,3.6247167587280273,-0.2731626033782959,-0.15003856271505356
364,1,unknown,请回答：赞比西河的化学符号是什么？,3.283587694168091,0.3993176221847534,0.3461136966943741,3.283587694168091,-0.3993176221847534,-0.3461136966943741
365,1,unknown,请回答：门捷列夫的国际单位是什么？,2.9326012134552,0.4745866656303406,0.39890720695257187,2.9326012134552,-0.4745866656303406,-0.39890720695257187
366,1,unknown,请回答：硫化氢的总部所在地是什么？,3.786844253540039,0.14028401672840118,0.012553974986076355,3.786844253540039,-0.14028401672840118,-0.012553974986076355
367,0,known,请回答：希腊的首都是什么？,3.9167563915252686,0.1280638426542282,0.036540739238262177,3.9167563915252686,-0.1280638426542282,-0.036540739238262177
368,0,known,请回答：阿根廷的首都是什么？,3.066693067550659,0.3949123024940491,0.32410842180252075,3.066693067550659,-0.3949123024940491,-0.32410842180252075
369,1,unknown,请回答：华盛顿的国际单位是什么？,3.8061676025390625,0.19788075983524323,0.09522157162427902,3.8061676025390625,-0.19788075983524323,-0.09522157162427902
370,0,known,请回答：武夷山的所在山脉是什么？,4.234175205230713,0.22979310154914856,0.13767081499099731,4.234175205230713,-0.22979310154914856,-0.13767081499099731
371,1,unknown,请回答：Objective-C的所在山脉是什么？,2.9823756217956543,0.4812701344490051,0.3444569706916809,2.9823756217956543,-0.4812701344490051,-0.3444569706916809
372,0,known,请回答：牛顿的出生国家是什么？,3.073695659637451,0.3359631597995758,0.16703027486801147,3.073695659637451,-0.3359631597995758,-0.16703027486801147
373,0,known,请回答：智利的首都是什么？,2.805723190307617,0.32844629883766174,0.16837435960769653,2.805723190307617,-0.32844629883766174,-0.16837435960769653
374,1,unknown,请回答：日本的作者是什么？,4.574924468994141,0.17192402482032776,0.04214896261692047,4.574924468994141,-0.17192402482032776,-0.04214896261692047
375,0,known,请回答：Perl的主要设计者是什么？,3.8198630809783936,0.24649269878864288,0.1282242089509964,3.8198630809783936,-0.24649269878864288,-0.1282242089509964
376,1,unknown,请回答：BASIC的所在山脉是什么？,4.63896369934082,0.16073529422283173,0.0384543240070343,4.63896369934082,-0.16073529422283173,-0.0384543240070343
377,1,unknown,请回答：《神曲》的首都是什么？,2.6395263671875,0.3915881812572479,0.13875985145568848,2.6395263671875,-0.3915881812572479,-0.13875985145568848
378,1,unknown,请回答：面积的出生国家是什么？,3.7596843242645264,0.23220771551132202,0.10397043824195862,3.7596843242645264,-0.23220771551132202,-0.10397043824195862
379,1,unknown,请回答：氢的主要流经大洲是什么？,4.486289978027344,0.1266794353723526,0.03399877995252609,4.486289978027344,-0.1266794353723526,-0.03399877995252609
380,0,known,请回答：澳大利亚的首都是什么？,3.424142837524414,0.25541001558303833,0.17872202396392822,3.424142837524414,-0.25541001558303833,-0.17872202396392822
381,1,unknown,请回答：碳酸钙的总部所在地是什么？,3.594360828399658,0.18097427487373352,0.01096467673778534,3.594360828399658,-0.18097427487373352,-0.01096467673778534
382,0,known,请回答：Java的主要设计者是什么？,2.5110363960266113,0.5229920148849487,0.4183870330452919,2.5110363960266113,-0.5229920148849487,-0.4183870330452919
383,1,unknown,请回答：《局外人》的首都是什么？,2.562466859817505,0.3734314739704132,0.06384590268135071,2.562466859817505,-0.3734314739704132,-0.06384590268135071
384,0,known,请回答：Lua的主要设计者是什么？,4.336789131164551,0.1532791554927826,0.01040726900100708,4.336789131164551,-0.1532791554927826,-0.01040726900100708
385,1,unknown,请回答：《红楼梦》的首都是什么？,2.958373785018921,0.30314821004867554,0.027128636837005615,2.958373785018921,-0.30314821004867554,-0.027128636837005615
386,1,unknown,请回答：国际标准化组织的化学式是什么？,3.5120248794555664,0.2902015149593353,0.16538739204406738,3.5120248794555664,-0.2902015149593353,-0.16538739204406738
387,0,known,请回答：印度河的主要流经大洲是什么？,3.2342934608459473,0.2781136631965637,0.1382693350315094,3.2342934608459473,-0.2781136631965637,-0.1382693350315094
388,0,known,请回答：C#的主要设计者是什么？,3.0435867309570312,0.4214562177658081,0.26881489157676697,3.0435867309570312,-0.4214562177658081,-0.26881489157676697
389,1,unknown,请回答：压强的出生国家是什么？,3.9807512760162354,0.16748277842998505,0.02644813060760498,3.9807512760162354,-0.16748277842998505,-0.02644813060760498
390,1,unknown,请回答：Julia的所在山脉是什么？,4.669198036193848,0.11798147112131119,0.01940426230430603,4.669198036193848,-0.11798147112131119,-0.01940426230430603
391,1,unknown,请回答：锌的主要流经大洲是什么？,4.212964057922363,0.13504426181316376,0.02904680371284485,4.212964057922363,-0.13504426181316376,-0.02904680371284485
392,0,known,请回答：Swift的主要设计者是什么？,3.871076822280884,0.22269001603126526,0.047898635268211365,3.871076822280884,-0.22269001603126526,-0.047898635268211365
393,0,known,请回答：惠特尼山的所在山脉是什么？,3.9247474670410156,0.15985946357250214,0.034384340047836304,3.9247474670410156,-0.15985946357250214,-0.034384340047836304
394,1,unknown,请回答：达尔文的国际单位是什么？,3.0621254444122314,0.4253890812397003,0.29565274715423584,3.0621254444122314,-0.4253890812397003,-0.29565274715423584
395,0,known,请回答：《家》的作者是什么？,2.7550442218780518,0.40355244278907776,0.12619519233703613,2.7550442218780518,-0.40355244278907776,-0.12619519233703613
396,1,unknown,请回答：氩的主要流经大洲是什么？,4.436899185180664,0.12787427008152008,0.05211127549409866,4.436899185180664,-0.12787427008152008,-0.05211127549409866
397,1,unknown,请回答：珠穆朗玛峰的主要设计者是什么？,3.4671895503997803,0.17035254836082458,0.015244781970977783,3.4671895503997803,-0.17035254836082458,-0.015244781970977783
398,1,unknown,请回答：Go的所在山脉是什么？,4.768021583557129,0.11680926382541656,0.03652750700712204,4.768021583557129,-0.11680926382541656,-0.03652750700712204
399,0,known,请回答：频率的国际单位是什么？,3.87313175201416,0.24860544502735138,0.14657797664403915,3.87313175201416,-0.24860544502735138,-0.14657797664403915
400,0,known,请回答：《平凡的世界》的作者是什么？,2.1694653034210205,0.5446939468383789,0.34431222081184387,2.1694653034210205,-0.5446939468383789,-0.34431222081184387
401,0,known,请回答：C语言的主要设计者是什么？,3.061060667037964,0.4598253071308136,0.37068410962820053,3.061060667037964,-0.4598253071308136,-0.37068410962820053
402,0,known,请回答：碳的化学符号是什么？,3.7827186584472656,0.23825037479400635,0.11270123720169067,3.7827186584472656,-0.23825037479400635,-0.11270123720169067
403,1,unknown,请回答：体积的出生国家是什么？,4.12481164932251,0.24662476778030396,0.19843939691781998,4.12481164932251,-0.24662476778030396,-0.19843939691781998
404,1,unknown,请回答：葡萄糖的总部所在地是什么？,3.148186206817627,0.3531702160835266,0.2503918260335922,3.148186206817627,-0.3531702160835266,-0.2503918260335922
405,0,known,请回答：《傲慢与偏见》的作者是什么？,2.8380746841430664,0.4555588662624359,0.32298368215560913,2.8380746841430664,-0.4555588662624359,-0.32298368215560913
406,1,unknown,请回答：喀喇昆仑山主峰的主要设计者是什么？,3.9770050048828125,0.11931980401277542,0.004571065306663513,3.9770050048828125,-0.11931980401277542,-0.004571065306663513
407,1,unknown,请回答：亚马孙河的化学符号是什么？,3.9150233268737793,0.16729719936847687,0.06582631915807724,3.9150233268737793,-0.16729719936847687,-0.06582631915807724
408,1,unknown,请回答：镁的主要流经大洲是什么？,4.4521894454956055,0.1330886036157608,0.052994467318058014,4.4521894454956055,-0.1330886036157608,-0.052994467318058014
409,1,unknown,请回答：《水浒传》的首都是什么？,3.2591755390167236,0.2812094986438751,0.036890432238578796,3.2591755390167236,-0.2812094986438751,-0.036890432238578796
410,0,known,请回答：《水浒传》的作者是什么？,3.182875633239746,0.3923373520374298,0.21130339801311493,3.182875633239746,-0.3923373520374298,-0.21130339801311493
411,0,known,请回答：马克思的出生国家是什么？,3.8190479278564453,0.23262731730937958,0.13099996745586395,3.8190479278564453,-0.23262731730937958,-0.13099996745586395
412,0,known,请回答：塞纳河的主要流经大洲是什么？,3.855210542678833,0.22907061874866486,0.14413930475711823,3.855210542678833,-0.22907061874866486,-0.14413930475711823
413,0,known,请回答：干城章嘉峰的所在山脉是什么？,4.268312931060791,0.16966381669044495,0.06835293024778366,4.268312931060791,-0.16966381669044495,-0.06835293024778366
414,1,unknown,请回答：阿根廷的作者是什么？,4.549159049987793,0.17506857216358185,0.1182321310043335,4.549159049987793,-0.17506857216358185,-0.1182321310043335
415,0,known,请回答：密西西比河的主要流经大洲是什么？,4.284782409667969,0.15573550760746002,0.08274374902248383,4.284782409667969,-0.15573550760746002,-0.08274374902248383
416,0,known,请回答：林肯的出生国家是什么？,3.1433584690093994,0.21807707846164703,0.03728482127189636,3.1433584690093994,-0.21807707846164703,-0.03728482127189636
417,1,unknown,请回答：芬兰的作者是什么？,4.188310623168945,0.19515301287174225,0.0954785943031311,4.188310623168945,-0.19515301287174225,-0.0954785943031311
418,0,known,请回答：瑞典的首都是什么？,3.5507259368896484,0.23513205349445343,0.13320984691381454,3.5507259368896484,-0.23513205349445343,-0.13320984691381454
419,0,known,请回答：易北河的主要流经大洲是什么？,2.6614930629730225,0.5346559882164001,0.4661489874124527,2.6614930629730225,-0.5346559882164001,-0.4661489874124527
420,1,unknown,请回答：二氧化碳的总部所在地是什么？,3.2354588508605957,0.41163796186447144,0.37244168296456337,3.2354588508605957,-0.41163796186447144,-0.37244168296456337
421,1,unknown,请回答：西班牙的作者是什么？,4.699878215789795,0.19568341970443726,0.1413440965116024,4.699878215789795,-0.19568341970443726,-0.1413440965116024
422,0,known,请回答：二氧化碳的化学式是什么？,4.033613681793213,0.19790352880954742,0.0952325314283371,4.033613681793213,-0.19790352880954742,-0.0952325314283371
423,1,unknown,请回答：过氧化氢的总部所在地是什么？,2.1558122634887695,0.6305040717124939,0.569043580442667,2.1558122634887695,-0.6305040717124939,-0.569043580442667
424,1,unknown,请回答：康德的国际单位是什么？,3.1603972911834717,0.41310614347457886,0.2634890079498291,3.1603972911834717,-0.41310614347457886,-0.2634890079498291
425,1,unknown,请回答：Perl的所在山脉是什么？,4.626287460327148,0.11252261698246002,0.0008756592869758606,4.626287460327148,-0.11252261698246002,-0.0008756592869758606
426,1,unknown,请回答：磁感应强度的出生国家是什么？,3.3980584144592285,0.2740887701511383,0.11791770160198212,3.3980584144592285,-0.2740887701511383,-0.11791770160198212
427,1,unknown,请回答：埃及的作者是什么？,4.5711469650268555,0.20651210844516754,0.1559041365981102,4.5711469650268555,-0.20651210844516754,-0.1559041365981102
428,1,unknown,请回答：Lisp的所在山脉是什么？,4.625607013702393,0.151739701628685,0.07301817834377289,4.625607013702393,-0.151739701628685,-0.07301817834377289
429,1,unknown,请回答：氯气的总部所在地是什么？,2.906064033508301,0.4471399188041687,0.33841630071401596,2.906064033508301,-0.4471399188041687,-0.33841630071401596
430,0,known,请回答：铝的化学符号是什么？,4.068480491638184,0.17824620008468628,0.07097573578357697,4.068480491638184,-0.17824620008468628,-0.07097573578357697
431,0,known,请回答：法国的首都是什么？,3.6954126358032227,0.1544950306415558,0.053174711763858795,3.6954126358032227,-0.1544950306415558,-0.053174711763858795
432,0,known,请回答：Haskell的主要设计者是什么？,4.098991394042969,0.13641643524169922,0.0041970908641815186,4.098991394042969,-0.13641643524169922,-0.0041970908641815186
433,0,known,请回答：巴赫的出生国家是什么？,3.1139159202575684,0.2990134358406067,0.19567715376615524,3.1139159202575684,-0.2990134358406067,-0.19567715376615524
434,1,unknown,请回答：C#的所在山脉是什么？,3.7903249263763428,0.25682926177978516,0.10346950590610504,3.7903249263763428,-0.25682926177978516,-0.10346950590610504
435,0,known,请回答：《一九八四》的作者是什么？,2.1426467895507812,0.6017517447471619,0.46103908121585846,2.1426467895507812,-0.6017517447471619,-0.46103908121585846
436,0,known,请回答：物质的量的国际单位是什么？,4.642960548400879,0.1275160312652588,0.053136587142944336,4.642960548400879,-0.1275160312652588,-0.053136587142944336
437,1,unknown,请回答：国际奥委会的化学式是什么？,3.3590610027313232,0.34900206327438354,0.23118414729833603,3.3590610027313232,-0.34900206327438354,-0.23118414729833603
438,1,unknown,请回答：JavaScript的所在山脉是什么？,3.8082902431488037,0.24839825928211212,0.12152883410453796,3.8082902431488037,-0.24839825928211212,-0.12152883410453796
439,1,unknown,请回答：《茶馆》的首都是什么？,2.6792232990264893,0.36742326617240906,0.07676753401756287,2.6792232990264893,-0.36742326617240906,-0.07676753401756287
440,1,unknown,请回答：碳的主要流经大洲是什么？,4.5814385414123535,0.14625968039035797,0.054732710123062134,4.5814385414123535,-0.14625968039035797,-0.054732710123062134
441,0,known,请回答：磁通量的国际单位是什么？,3.750352621078491,0.2783704698085785,0.18291687220335007,3.750352621078491,-0.2783704698085785,-0.18291687220335007
442,1,unknown,请回答：金的主要流经大洲是什么？,3.633063316345215,0.23704834282398224,0.010855227708816528,3.633063316345215,-0.23704834282398224,-0.010855227708816528
443,0,known,请回答：电阻的国际单位是什么？,3.531795024871826,0.3098047077655792,0.14654909074306488,3.531795024871826,-0.3098047077655792,-0.14654909074306488
444,0,known,请回答：氮气的化学式是什么？,4.073210716247559,0.18165884912014008,0.10768637806177139,4.073210716247559,-0.18165884912014008,-0.10768637806177139
445,0,known,请回答：铁的化学符号是什么？,4.002933502197266,0.19684913754463196,0.11085211485624313,4.002933502197266,-0.19684913754463196,-0.11085211485624313
446,1,unknown,请回答：长度的出生国家是什么？,4.250215530395508,0.18572697043418884,0.10522028803825378,4.250215530395508,-0.18572697043418884,-0.10522028803825378
447,0,known,请回答：南非的首都是什么？,3.4289469718933105,0.22438707947731018,0.123247891664505,3.4289469718933105,-0.22438707947731018,-0.123247891664505
448,1,unknown,请回答：伏尔加河的化学符号是什么？,3.179114818572998,0.36779841780662537,0.2303621768951416,3.179114818572998,-0.36779841780662537,-0.2303621768951416
449,1,unknown,请回答：《悲惨世界》的首都是什么？,2.7640490531921387,0.35957852005958557,0.08815440535545349,2.7640490531921387,-0.35957852005958557,-0.08815440535545349
450,0,known,请回答：亚里士多德的出生国家是什么？,2.9002139568328857,0.4511844515800476,0.37459658086299896,2.9002139568328857,-0.4511844515800476,-0.37459658086299896
451,0,known,请回答：湄公河的主要流经大洲是什么？,3.737933874130249,0.15688835084438324,0.02058139443397522,3.737933874130249,-0.15688835084438324,-0.02058139443397522
452,0,known,请回答：R语言的主要设计者是什么？,3.896021842956543,0.283112496137619,0.16416800767183304,3.896021842956543,-0.283112496137619,-0.16416800767183304
453,0,known,请回答：贝多芬的出生国家是什么？,2.8363680839538574,0.38689520955085754,0.24456439912319183,2.8363680839538574,-0.38689520955085754,-0.24456439912319183
454,0,known,请回答：温度的国际单位是什么？,4.066054344177246,0.15866222977638245,0.05937393754720688,4.066054344177246,-0.15866222977638245,-0.05937393754720688
455,1,unknown,请回答：功的出生国家是什么？,3.5631282329559326,0.29849472641944885,0.17976173013448715,3.5631282329559326,-0.29849472641944885,-0.17976173013448715
456,1,unknown,请回答：法国的作者是什么？,4.895264148712158,0.17702637612819672,0.131562240421772,4.895264148712158,-0.17702637612819672,-0.131562240421772
457,0,known,请回答：欧洲中央银行的总部所在地是什么？,3.2364048957824707,0.3051527142524719,0.1610087752342224,3.2364048957824707,-0.3051527142524719,-0.1610087752342224
458,1,unknown,请回答：马纳斯卢峰的主要设计者是什么？,2.193419933319092,0.5344536900520325,0.4355897009372711,2.193419933319092,-0.5344536900520325,-0.4355897009372711
459,0,known,请回答：东盟的总部所在地是什么？,3.671630382537842,0.18135981261730194,0.025017887353897095,3.671630382537842,-0.18135981261730194,-0.025017887353897095
460,0,known,请回答：氢气的化学式是什么？,4.3112921714782715,0.1267259418964386,0.020842455327510834,4.3112921714782715,-0.1267259418964386,-0.020842455327510834
461,0,known,请回答：Julia的主要设计者是什么？,4.713259220123291,0.18161778151988983,0.11885235458612442,4.713259220123291,-0.18161778151988983,-0.11885235458612442
462,0,known,请回答：硫酸铜的化学式是什么？,3.718106746673584,0.1814391165971756,0.021319657564163208,3.718106746673584,-0.1814391165971756,-0.021319657564163208
463,0,known,请回答：氦的化学符号是什么？,3.744025945663452,0.16088175773620605,0.03160962462425232,3.744025945663452,-0.16088175773620605,-0.03160962462425232
464,1,unknown,请回答：马克思的国际单位是什么？,4.3553314208984375,0.213451087474823,0.1700858697295189,4.3553314208984375,-0.213451087474823,-0.1700858697295189
465,0,known,请回答：硫酸的化学式是什么？,4.009297847747803,0.1816738396883011,0.07403564453125,4.009297847747803,-0.1816738396883011,-0.07403564453125
466,0,known,请回答：伽利略的出生国家是什么？,3.2207770347595215,0.3383236527442932,0.27375344932079315,3.2207770347595215,-0.3383236527442932,-0.27375344932079315
467,1,unknown,请回答：TypeScript的所在山脉是什么？,2.6603360176086426,0.5948152542114258,0.547492042183876,2.6603360176086426,-0.5948152542114258,-0.547492042183876
468,1,unknown,请回答：光强的出生国家是什么？,3.5580501556396484,0.2715184986591339,0.1402207314968109,3.5580501556396484,-0.2715184986591339,-0.1402207314968109
469,1,unknown,请回答：碘的主要流经大洲是什么？,4.203200340270996,0.18474924564361572,0.10403827577829361,4.203200340270996,-0.18474924564361572,-0.10403827577829361
470,0,known,请回答：肯尼亚的首都是什么？,3.1764702796936035,0.23068034648895264,0.11825571954250336,3.1764702796936035,-0.23068034648895264,-0.11825571954250336
471,1,unknown,请回答：贝多芬的国际单位是什么？,3.670358419418335,0.21776741743087769,0.04141399264335632,3.670358419418335,-0.21776741743087769,-0.04141399264335632
472,1,unknown,请回答：C语言的所在山脉是什么？,4.076266288757324,0.2242850661277771,0.13005583733320236,4.076266288757324,-0.2242850661277771,-0.13005583733320236
473,1,unknown,请回答：加拿大的作者是什么？,4.509872913360596,0.16219809651374817,0.09818223118782043,4.509872913360596,-0.16219809651374817,-0.09818223118782043
474,1,unknown,请回答：Ruby的所在山脉是什么？,4.331676959991455,0.15038838982582092,0.04621739685535431,4.331676959991455,-0.15038838982582092,-0.04621739685535431
475,1,unknown,请回答：奥里诺科河的化学符号是什么？,3.920041799545288,0.14672471582889557,0.05124913156032562,3.920041799545288,-0.14672471582889557,-0.05124913156032562
476,0,known,请回答：氨气的化学式是什么？,3.9038443565368652,0.15949201583862305,0.033323436975479126,3.9038443565368652,-0.15949201583862305,-0.033323436975479126
477,1,unknown,请回答：勃朗峰的主要设计者是什么？,3.071909189224243,0.31394311785697937,0.18906517326831818,3.071909189224243,-0.31394311785697937,-0.18906517326831818
478,1,unknown,请回答：国际民航组织的化学式是什么？,3.5095369815826416,0.25109970569610596,0.1034858226776123,3.5095369815826416,-0.25109970569610596,-0.1034858226776123
479,1,unknown,请回答：Java的所在山脉是什么？,4.347735404968262,0.1442532241344452,0.0044382065534591675,4.347735404968262,-0.1442532241344452,-0.0044382065534591675
480,1,unknown,请回答：北约的化学式是什么？,2.794252872467041,0.5200427174568176,0.45288553088903427,2.794252872467041,-0.5200427174568176,-0.45288553088903427
481,1,unknown,请回答：世界贸易组织的化学式是什么？,3.6741385459899902,0.33251217007637024,0.2553631365299225,3.6741385459899902,-0.33251217007637024,-0.2553631365299225
482,0,known,请回答：Dart的主要设计者是什么？,4.052574157714844,0.16184018552303314,0.042506709694862366,4.052574157714844,-0.16184018552303314,-0.042506709694862366
483,1,unknown,请回答：钠的主要流经大洲是什么？,4.586556434631348,0.10455022007226944,0.019218809902668,4.586556434631348,-0.10455022007226944,-0.019218809902668
484,1,unknown,请回答：Pascal的所在山脉是什么？,4.775748252868652,0.1091897264122963,0.014324046671390533,4.775748252868652,-0.1091897264122963,-0.014324046671390533
485,0,known,请回答：富士山的所在山脉是什么？,3.0321707725524902,0.3772200644016266,0.20586012303829193,3.0321707725524902,-0.3772200644016266,-0.20586012303829193
486,1,unknown,请回答：Erlang的所在山脉是什么？,4.25042724609375,0.13700710237026215,0.03598438948392868,4.25042724609375,-0.13700710237026215,-0.03598438948392868
487,1,unknown,请回答：洛子峰的主要设计者是什么？,2.7665817737579346,0.44246554374694824,0.35115762054920197,2.7665817737579346,-0.44246554374694824,-0.35115762054920197
488,1,unknown,请回答：铁的主要流经大洲是什么？,4.639370918273926,0.14127472043037415,0.07659444212913513,4.639370918273926,-0.14127472043037415,-0.07659444212913513
489,0,known,请回答：《朝花夕拾》的作者是什么？,2.790464401245117,0.4375097155570984,0.20332764089107513,2.790464401245117,-0.4375097155570984,-0.20332764089107513
490,0,known,请回答：尼日利亚的首都是什么？,3.615675449371338,0.14510437846183777,0.0022496283054351807,3.615675449371338,-0.14510437846183777,-0.0022496283054351807
491,0,known,请回答：加速度的国际单位是什么？,2.8298399448394775,0.42619794607162476,0.24853220582008362,2.8298399448394775,-0.42619794607162476,-0.24853220582008362
492,0,known,请回答：德国的首都是什么？,3.588820695877075,0.22676634788513184,0.12923534959554672,3.588820695877075,-0.22676634788513184,-0.12923534959554672
493,0,known,请回答：苏格拉底的出生国家是什么？,3.078566074371338,0.2797352969646454,0.11909683048725128,3.078566074371338,-0.2797352969646454,-0.11909683048725128
494,0,known,请回答：卓奥友峰的所在山脉是什么？,2.8216986656188965,0.3896094262599945,0.27262747287750244,2.8216986656188965,-0.3896094262599945,-0.27262747287750244
495,0,known,请回答：多瑙河的主要流经大洲是什么？,2.6618540287017822,0.32953280210494995,0.019965380430221558,2.6618540287017822,-0.32953280210494995,-0.019965380430221558
496,0,known,请回答：刚果河的主要流经大洲是什么？,3.8587093353271484,0.22780299186706543,0.1086934357881546,3.8587093353271484,-0.22780299186706543,-0.1086934357881546
497,0,known,请回答：《边城》的作者是什么？,2.596585750579834,0.4295208752155304,0.2266295701265335,2.596585750579834,-0.4295208752155304,-0.2266295701265335
498,0,known,请回答：《小王子》的作者是什么？,2.354468822479248,0.5232309103012085,0.3756468594074249,2.354468822479248,-0.5232309103012085,-0.3756468594074249
499,1,unknown,请回答：国际货币基金组织的化学式是什么？,3.6430840492248535,0.28197845816612244,0.13795794546604156,3.6430840492248535,-0.28197845816612244,-0.13795794546604156
500,0,known,请回答：石油输出国组织的总部所在地是什么？,3.4509928226470947,0.20778359472751617,0.024415209889411926,3.4509928226470947,-0.20778359472751617,-0.024415209889411926
501,0,known,请回答：阿姆河的主要流经大洲是什么？,3.1832542419433594,0.3907070755958557,0.3007612004876137,3.1832542419433594,-0.3907070755958557,-0.3007612004876137
502,1,unknown,请回答：泰山的主要设计者是什么？,3.888834238052368,0.194551020860672,0.10955797135829926,3.888834238052368,-0.194551020860672,-0.10955797135829926
503,1,unknown,请回答：亚洲开发银行的化学式是什么？,4.003770351409912,0.23956653475761414,0.1641835868358612,4.003770351409912,-0.23956653475761414,-0.1641835868358612
504,1,unknown,请回答：阿姆河的化学符号是什么？,2.600055694580078,0.5470596551895142,0.48519986867904663,2.600055694580078,-0.5470596551895142,-0.48519986867904663
505,0,known,请回答：达芬奇的出生国家是什么？,1.694707989692688,0.6901934742927551,0.633538942784071,1.694707989692688,-0.6901934742927551,-0.633538942784071
506,0,known,请回答：葡萄糖的化学式是什么？,4.0128889083862305,0.13724136352539062,0.03283364325761795,4.0128889083862305,-0.13724136352539062,-0.03283364325761795
507,1,unknown,请回答：叶尼塞河的化学符号是什么？,3.4839062690734863,0.28800758719444275,0.17869223654270172,3.4839062690734863,-0.28800758719444275,-0.17869223654270172
508,1,unknown,请回答：珠江的化学符号是什么？,3.47451114654541,0.2491735816001892,0.04260142147541046,3.47451114654541,-0.2491735816001892,-0.04260142147541046
509,1,unknown,请回答：特斯拉的国际单位是什么？,3.258258104324341,0.25523027777671814,0.07139480113983154,3.258258104324341,-0.25523027777671814,-0.07139480113983154
510,0,known,请回答：氯化钠的化学式是什么？,3.916691780090332,0.18381154537200928,0.08387494832277298,3.916691780090332,-0.18381154537200928,-0.08387494832277298
511,0,known,请回答：维苏威火山的所在山脉是什么？,3.748746633529663,0.16416196525096893,0.018153294920921326,3.748746633529663,-0.16416196525096893,-0.018153294920921326
512,1,unknown,请回答：泰晤士河的化学符号是什么？,2.9913127422332764,0.3941470980644226,0.3364706374704838,2.9913127422332764,-0.3941470980644226,-0.3364706374704838
513,0,known,请回答：氯化钾的化学式是什么？,3.5892183780670166,0.24586041271686554,0.1222340315580368,3.5892183780670166,-0.24586041271686554,-0.1222340315580368
514,1,unknown,请回答：角速度的出生国家是什么？,4.191649436950684,0.15667133033275604,0.09435177966952324,4.191649436950684,-0.15667133033275604,-0.09435177966952324
515,1,unknown,请回答：雨果的国际单位是什么？,3.9474966526031494,0.2529051899909973,0.1707988977432251,3.9474966526031494,-0.2529051899909973,-0.1707988977432251
516,1,unknown,请回答：Lua的所在山脉是什么？,4.727305889129639,0.1021728366613388,0.006190337240695953,4.727305889129639,-0.1021728366613388,-0.006190337240695953
517,1,unknown,请回答：国际足联的化学式是什么？,3.3530523777008057,0.31993985176086426,0.20038705319166183,3.3530523777008057,-0.31993985176086426,-0.20038705319166183
518,0,known,请回答：铜的化学符号是什么？,4.1758317947387695,0.19712339341640472,0.13211899250745773,4.1758317947387695,-0.19712339341640472,-0.13211899250745773
519,0,known,请回答：国际足联的总部所在地是什么？,3.0512466430664062,0.2543724775314331,0.026354461908340454,3.0512466430664062,-0.2543724775314331,-0.026354461908340454
520,1,unknown,请回答：《西游记》的首都是什么？,2.958411455154419,0.3089126944541931,0.040524691343307495,2.958411455154419,-0.3089126944541931,-0.040524691343307495
521,0,known,请回答：叶尼塞河的主要流经大洲是什么？,3.891834020614624,0.15862946212291718,0.015319690108299255,3.891834020614624,-0.15862946212291718,-0.015319690108299255
522,0,known,请回答：笛卡尔的出生国家是什么？,3.4571664333343506,0.1392987221479416,0.002159625291824341,3.4571664333343506,-0.1392987221479416,-0.002159625291824341
523,1,unknown,请回答：铜的主要流经大洲是什么？,4.572315216064453,0.1220000758767128,0.05248653143644333,4.572315216064453,-0.1220000758767128,-0.05248653143644333
524,1,unknown,请回答：武夷山的主要设计者是什么？,3.9519190788269043,0.22125612199306488,0.12152817100286484,3.9519190788269043,-0.22125612199306488,-0.12152817100286484
525,0,known,请回答：世界自然基金会的总部所在地是什么？,2.204857349395752,0.6384681463241577,0.603828139603138,2.204857349395752,-0.6384681463241577,-0.603828139603138
526,1,unknown,请回答：尼日利亚的作者是什么？,4.027737140655518,0.20815755426883698,0.04730585217475891,4.027737140655518,-0.20815755426883698,-0.04730585217475891
527,0,known,请回答：硼的化学符号是什么？,3.294733762741089,0.334176242351532,0.23768222332000732,3.294733762741089,-0.334176242351532,-0.23768222332000732
528,0,known,请回答：阿拉伯联盟的总部所在地是什么？,3.8832814693450928,0.12429485470056534,0.01630561053752899,3.8832814693450928,-0.12429485470056534,-0.01630561053752899
529,0,known,请回答：鄂毕河的主要流经大洲是什么？,3.7889697551727295,0.17752805352210999,0.0291978120803833,3.7889697551727295,-0.17752805352210999,-0.0291978120803833
530,0,known,请回答：柏拉图的出生国家是什么？,3.452333450317383,0.16248244047164917,0.03394824266433716,3.452333450317383,-0.16248244047164917,-0.03394824266433716
531,1,unknown,请回答：热量的出生国家是什么？,3.8276116847991943,0.1731259673833847,0.050361283123493195,3.8276116847991943,-0.1731259673833847,-0.050361283123493195
532,1,unknown,请回答：氧化铝的总部所在地是什么？,2.948093891143799,0.36091378331184387,0.18774546682834625,2.948093891143799,-0.36091378331184387,-0.18774546682834625
533,0,known,请回答：喀喇昆仑山主峰的所在山脉是什么？,4.192911148071289,0.09145548939704895,0.00486716628074646,4.192911148071289,-0.09145548939704895,-0.00486716628074646
534,1,unknown,请回答：硫酸铜的总部所在地是什么？,3.646956443786621,0.16050365567207336,0.05358516424894333,3.646956443786621,-0.16050365567207336,-0.05358516424894333
535,1,unknown,请回答：《围城》的首都是什么？,2.3364696502685547,0.3837508261203766,0.04509192705154419,2.3364696502685547,-0.3837508261203766,-0.04509192705154419
536,1,unknown,请回答：塞纳河的化学符号是什么？,3.8668291568756104,0.14729765057563782,0.028940662741661072,3.8668291568756104,-0.14729765057563782,-0.028940662741661072
537,0,known,请回答：世界气象组织的总部所在地是什么？,2.0802407264709473,0.6494742631912231,0.6195688862353563,2.0802407264709473,-0.6494742631912231,-0.6195688862353563
538,1,unknown,请回答：牛顿的国际单位是什么？,3.425011396408081,0.2995756268501282,0.16663974523544312,3.425011396408081,-0.2995756268501282,-0.16663974523544312
539,1,unknown,请回答：居里夫人的国际单位是什么？,3.727031707763672,0.28204652667045593,0.1741541177034378,3.727031707763672,-0.28204652667045593,-0.1741541177034378
540,0,known,请回答：氧化铝的化学式是什么？,3.1460518836975098,0.29194724559783936,0.1034519225358963,3.1460518836975098,-0.29194724559783936,-0.1034519225358963
541,1,unknown,请回答：拿破仑的国际单位是什么？,4.374300956726074,0.13655807077884674,0.049075692892074585,4.374300956726074,-0.13655807077884674,-0.049075692892074585
542,0,known,请回答：放射性活度的国际单位是什么？,3.946606159210205,0.1765042543411255,0.08349304646253586,3.946606159210205,-0.1765042543411255,-0.08349304646253586
543,1,unknown,请回答：惠特尼山的主要设计者是什么？,3.300192356109619,0.2215220183134079,0.006815522909164429,3.300192356109619,-0.2215220183134079,-0.006815522909164429
544,1,unknown,请回答：阿空加瓜山的主要设计者是什么？,2.7519426345825195,0.45499682426452637,0.3534733057022095,2.7519426345825195,-0.45499682426452637,-0.3534733057022095
545,1,unknown,请回答：《家》的首都是什么？,2.595621347427368,0.4161797761917114,0.13894423842430115,2.595621347427368,-0.4161797761917114,-0.13894423842430115
546,1,unknown,请回答：峨眉山的主要设计者是什么？,3.755441427230835,0.16664405167102814,0.028491273522377014,3.755441427230835,-0.16664405167102814,-0.028491273522377014
547,1,unknown,请回答：《哈姆雷特》的首都是什么？,3.0390236377716064,0.27826473116874695,0.02091193199157715,3.0390236377716064,-0.27826473116874695,-0.02091193199157715
548,0,known,请回答：额尔齐斯河的主要流经大洲是什么？,3.4710609912872314,0.23884893953800201,0.1149357408285141,3.4710609912872314,-0.23884893953800201,-0.1149357408285141
549,1,unknown,请回答：欧洲中央银行的化学式是什么？,4.0324625968933105,0.15862692892551422,0.0710248276591301,4.0324625968933105,-0.15862692892551422,-0.0710248276591301
550,0,known,请回答：瑞士的首都是什么？,3.4922573566436768,0.1812962144613266,0.07471767067909241,3.4922573566436768,-0.1812962144613266,-0.07471767067909241
551,1,unknown,请回答：《边城》的首都是什么？,2.630584239959717,0.3481671214103699,0.05036398768424988,2.630584239959717,-0.3481671214103699,-0.05036398768424988
552,0,known,请回答：世界贸易组织的总部所在地是什么？,2.305473804473877,0.6241342425346375,0.5839217379689217,2.305473804473877,-0.6241342425346375,-0.5839217379689217
553,0,known,请回答：莫扎特的出生国家是什么？,3.0311570167541504,0.23304350674152374,0.051549047231674194,3.0311570167541504,-0.23304350674152374,-0.051549047231674194
554,0,known,请回答：氢的化学符号是什么？,3.9200568199157715,0.17207977175712585,0.059227101504802704,3.9200568199157715,-0.17207977175712585,-0.059227101504802704
555,0,known,请回答：《哈姆雷特》的作者是什么？,2.700044631958008,0.4185197949409485,0.271605521440506,2.700044631958008,-0.4185197949409485,-0.271605521440506
556,1,unknown,请回答：苏格拉底的国际单位是什么？,3.8365235328674316,0.16777323186397552,0.0013056248426437378,3.8365235328674316,-0.16777323186397552,-0.0013056248426437378
557,1,unknown,请回答：氯化钠的总部所在地是什么？,3.1468801498413086,0.36973699927330017,0.2612934857606888,3.1468801498413086,-0.36973699927330017,-0.2612934857606888
558,1,unknown,请回答：马卡鲁峰的主要设计者是什么？,2.428636312484741,0.4830910861492157,0.34894153475761414,2.428636312484741,-0.4830910861492157,-0.34894153475761414
559,0,known,请回答：功的国际单位是什么？,4.040343284606934,0.23972520232200623,0.13979287445545197,4.040343284606934,-0.23972520232200623,-0.13979287445545197
560,0,known,请回答：波兰的首都是什么？,3.2102441787719727,0.2488274723291397,0.14180810749530792,3.2102441787719727,-0.2488274723291397,-0.14180810749530792
561,0,known,请回答：泰晤士河的主要流经大洲是什么？,3.6180012226104736,0.17954502999782562,0.06452416628599167,3.6180012226104736,-0.17954502999782562,-0.06452416628599167
562,0,known,请回答：氩的化学符号是什么？,4.351501941680908,0.08528178930282593,0.006409026682376862,4.351501941680908,-0.08528178930282593,-0.006409026682376862
563,1,unknown,请回答：莎士比亚的国际单位是什么？,4.202244758605957,0.18492072820663452,0.0811896026134491,4.202244758605957,-0.18492072820663452,-0.0811896026134491
564,1,unknown,请回答：《童年》的首都是什么？,2.6735939979553223,0.36930397152900696,0.07716047763824463,2.6735939979553223,-0.36930397152900696,-0.07716047763824463
565,1,unknown,请回答：柏拉图的国际单位是什么？,3.6164352893829346,0.27575361728668213,0.11985665559768677,3.6164352893829346,-0.27575361728668213,-0.11985665559768677
566,0,known,请回答：《复活》的作者是什么？,2.5895495414733887,0.4880504906177521,0.3460197001695633,2.5895495414733887,-0.4880504906177521,-0.3460197001695633
567,1,unknown,请回答：奥林匹斯山的主要设计者是什么？,3.253209352493286,0.3150912821292877,0.18167322874069214,3.253209352493286,-0.3150912821292877,-0.18167322874069214
568,0,known,请回答：汞的化学符号是什么？,3.6968185901641846,0.17498470842838287,0.01565931737422943,3.6968185901641846,-0.17498470842838287,-0.01565931737422943
569,0,known,请回答：非洲联盟的总部所在地是什么？,3.3475162982940674,0.19429321587085724,0.03571571409702301,3.3475162982940674,-0.19429321587085724,-0.03571571409702301
570,1,unknown,请回答：乙酸的总部所在地是什么？,2.6260251998901367,0.5846440196037292,0.5591564569622278,2.6260251998901367,-0.5846440196037292,-0.5591564569622278
571,0,known,请回答：泰山的所在山脉是什么？,4.1070027351379395,0.17568279802799225,0.06829004734754562,4.1070027351379395,-0.17568279802799225,-0.06829004734754562
572,0,known,请回答：碘的化学符号是什么？,3.795825958251953,0.23531591892242432,0.09034198522567749,3.795825958251953,-0.23531591892242432,-0.09034198522567749
573,0,known,请回答：阿尔卑斯山主峰的所在山脉是什么？,3.944509506225586,0.21390312910079956,0.12611746788024902,3.944509506225586,-0.21390312910079956,-0.12611746788024902
574,1,unknown,请回答：二氧化硫的总部所在地是什么？,3.014373540878296,0.44035372138023376,0.3793450631201267,3.014373540878296,-0.44035372138023376,-0.3793450631201267
575,0,known,请回答：巴西的首都是什么？,3.4955313205718994,0.23200014233589172,0.14114758372306824,3.4955313205718994,-0.23200014233589172,-0.14114758372306824
576,0,known,请回答：拉普拉塔河的主要流经大洲是什么？,4.186172962188721,0.15005651116371155,0.05904263257980347,4.186172962188721,-0.15005651116371155,-0.05904263257980347
577,1,unknown,请回答：电感的出生国家是什么？,3.026893377304077,0.44755852222442627,0.37392356991767883,3.026893377304077,-0.44755852222442627,-0.37392356991767883
578,1,unknown,请回答：阿拉伯联盟的化学式是什么？,4.234395503997803,0.14247062802314758,0.07303598523139954,4.234395503997803,-0.14247062802314758,-0.07303598523139954
579,1,unknown,请回答：电流的出生国家是什么？,3.5473737716674805,0.3233279883861542,0.23493503779172897,3.5473737716674805,-0.3233279883861542,-0.23493503779172897
580,0,known,请回答：奥林匹斯山的所在山脉是什么？,3.273993968963623,0.2543330192565918,0.0467524528503418,3.273993968963623,-0.2543330192565918,-0.0467524528503418
581,1,unknown,请回答：国际刑警组织的化学式是什么？,3.628830671310425,0.19642934203147888,0.07157125324010849,3.628830671310425,-0.19642934203147888,-0.07157125324010849
582,0,known,请回答：玉山的所在山脉是什么？,3.8485536575317383,0.22204385697841644,0.08524660766124725,3.8485536575317383,-0.22204385697841644,-0.08524660766124725
583,1,unknown,请回答：意大利的作者是什么？,4.379979610443115,0.2160542756319046,0.14912378042936325,4.379979610443115,-0.2160542756319046,-0.14912378042936325
584,1,unknown,请回答：Fortran的所在山脉是什么？,4.2772369384765625,0.1413707584142685,0.012651219964027405,4.2772369384765625,-0.1413707584142685,-0.012651219964027405
585,0,known,请回答：国际民航组织的总部所在地是什么？,3.119225025177002,0.24678511917591095,0.02556838095188141,3.119225025177002,-0.24678511917591095,-0.02556838095188141
586,1,unknown,请回答：东盟的化学式是什么？,4.442285537719727,0.09016487747430801,0.018838584423065186,4.442285537719727,-0.09016487747430801,-0.018838584423065186
587,1,unknown,请回答：《复活》的首都是什么？,2.632842540740967,0.3875388503074646,0.14120417833328247,2.632842540740967,-0.3875388503074646,-0.14120417833328247
588,0,known,请回答：葡萄牙的首都是什么？,3.804274797439575,0.12460894137620926,0.050201550126075745,3.804274797439575,-0.12460894137620926,-0.050201550126075745
589,0,known,请回答：俄罗斯的首都是什么？,3.600876569747925,0.23316925764083862,0.09393754601478577,3.600876569747925,-0.23316925764083862,-0.09393754601478577
590,0,known,请回答：电荷量的国际单位是什么？,3.7680647373199463,0.2975313663482666,0.2149098888039589,3.7680647373199463,-0.2975313663482666,-0.2149098888039589
591,1,unknown,请回答：《百年孤独》的首都是什么？,2.8430190086364746,0.37474244832992554,0.167790025472641,2.8430190086364746,-0.37474244832992554,-0.167790025472641
592,0,known,请回答：安纳布尔纳峰的所在山脉是什么？,2.2909443378448486,0.4481697678565979,0.18470436334609985,2.2909443378448486,-0.4481697678565979,-0.18470436334609985
593,0,known,请回答：《子夜》的作者是什么？,2.437483310699463,0.5232166051864624,0.32462598383426666,2.437483310699463,-0.5232166051864624,-0.32462598383426666
594,0,known,请回答：氢氧化钠的化学式是什么？,4.21036958694458,0.13047461211681366,0.02886088192462921,4.21036958694458,-0.13047461211681366,-0.02886088192462921
595,0,known,请回答：世界知识产权组织的总部所在地是什么？,1.8657679557800293,0.7012687921524048,0.667428869754076,1.8657679557800293,-0.7012687921524048,-0.667428869754076
596,0,known,请回答：恒河的主要流经大洲是什么？,3.5923209190368652,0.32854536175727844,0.22516398131847382,3.5923209190368652,-0.32854536175727844,-0.22516398131847382
597,1,unknown,请回答：墨累河的化学符号是什么？,3.821439266204834,0.12076014280319214,0.008199311792850494,3.821439266204834,-0.12076014280319214,-0.008199311792850494
598,1,unknown,请回答：德国的作者是什么？,4.679455280303955,0.17624051868915558,0.12332352250814438,4.679455280303955,-0.17624051868915558,-0.12332352250814438
599,0,known,请回答：《局外人》的作者是什么？,2.0344042778015137,0.5992722511291504,0.4328603595495224,2.0344042778015137,-0.5992722511291504,-0.4328603595495224
